"TALHAO";"AREA_TL";"DATA_PL";"ESPAC";"PARCELA";"DATA_MD";"AREA_PC";"COVA";"DAP";"HT";"HD";"HT_EST"
2;45;"2007-04-01";"3x3";1;"2012-09-04";810;1;15;23,8;25,04;23,8
2;45;"2007-04-01";"3x3";1;"2012-09-04";810;2;13;23,8;25,04;23,8
2;45;"2007-04-01";"3x3";1;"2012-09-04";810;3;15;24,7;25,04;24,7
2;45;"2007-04-01";"3x3";1;"2012-09-04";810;4;15;NA;25,04;24,534152107882
2;45;"2007-04-01";"3x3";1;"2012-09-04";810;5;15;24,3;25,04;24,3
2;45;"2007-04-01";"3x3";1;"2012-09-04";810;6;14;22,4;25,04;22,4
2;45;"2007-04-01";"3x3";1;"2012-09-04";810;7;16;23,9;25,04;23,9
2;45;"2007-04-01";"3x3";1;"2012-09-04";810;8;15;24,2;25,04;24,2
2;45;"2007-04-01";"3x3";1;"2012-09-04";810;9;13,5;22,6;25,04;22,6
2;45;"2007-04-01";"3x3";1;"2012-09-04";810;10;15;24,1;25,04;24,1
2;45;"2007-04-01";"3x3";1;"2012-09-04";810;11;15;25,4;25,04;25,4
2;45;"2007-04-01";"3x3";1;"2012-09-04";810;12;14,5;24,3;25,04;24,3
2;45;"2007-04-01";"3x3";1;"2012-09-04";810;13;16;24,9;25,04;24,9
2;45;"2007-04-01";"3x3";1;"2012-09-04";810;14;14;23,8;25,04;23,8
2;45;"2007-04-01";"3x3";1;"2012-09-04";810;15;16;24,3;25,04;24,3
2;45;"2007-04-01";"3x3";1;"2012-09-04";810;16;10;17,6;25,04;17,6
2;45;"2007-04-01";"3x3";1;"2012-09-04";810;17;15;24,8;25,04;24,8
2;45;"2007-04-01";"3x3";1;"2012-09-04";810;18;13,5;23,3;25,04;23,3
2;45;"2007-04-01";"3x3";1;"2012-09-04";810;19;16;25,3;25,04;25,3
2;45;"2007-04-01";"3x3";1;"2012-09-04";810;20;12;NA;25,04;22,3502467492672
2;45;"2007-04-01";"3x3";1;"2012-09-04";810;21;15;NA;25,04;24,534152107882
2;45;"2007-04-01";"3x3";1;"2012-09-04";810;22;15;NA;25,04;24,534152107882
2;45;"2007-04-01";"3x3";1;"2012-09-04";810;23;13;NA;25,04;23,1662058532857
2;45;"2007-04-01";"3x3";1;"2012-09-04";810;24;13;NA;25,04;23,1662058532857
2;45;"2007-04-01";"3x3";1;"2012-09-04";810;25;13,5;NA;25,04;23,5383524690201
2;45;"2007-04-01";"3x3";1;"2012-09-04";810;26;14;NA;25,04;23,8892681085252
2;45;"2007-04-01";"3x3";1;"2012-09-04";810;27;13;NA;25,04;23,1662058532857
2;45;"2007-04-01";"3x3";1;"2012-09-04";810;28;13;NA;25,04;23,1662058532857
2;45;"2007-04-01";"3x3";1;"2012-09-04";810;29;15;NA;25,04;24,534152107882
2;45;"2007-04-01";"3x3";1;"2012-09-04";810;30;14;NA;25,04;23,8892681085252
2;45;"2007-04-01";"3x3";1;"2012-09-04";810;31;15;NA;25,04;24,534152107882
2;45;"2007-04-01";"3x3";1;"2012-09-04";810;32;13;NA;25,04;23,1662058532857
2;45;"2007-04-01";"3x3";1;"2012-09-04";810;33;14;NA;25,04;23,8892681085252
2;45;"2007-04-01";"3x3";1;"2012-09-04";810;34;14;NA;25,04;23,8892681085252
2;45;"2007-04-01";"3x3";1;"2012-09-04";810;35;14,5;NA;25,04;24,2206838497651
2;45;"2007-04-01";"3x3";1;"2012-09-04";810;36;15;NA;25,04;24,534152107882
2;45;"2007-04-01";"3x3";1;"2012-09-04";810;37;16;NA;25,04;25,1126900431006
2;45;"2007-04-01";"3x3";1;"2012-09-04";810;38;15;NA;25,04;24,534152107882
2;45;"2007-04-01";"3x3";1;"2012-09-04";810;39;15;NA;25,04;24,534152107882
2;45;"2007-04-01";"3x3";1;"2012-09-04";810;40;13,5;NA;25,04;23,5383524690201
2;45;"2007-04-01";"3x3";1;"2012-09-04";810;41;15;NA;25,04;24,534152107882
2;45;"2007-04-01";"3x3";1;"2012-09-04";810;42;15;NA;25,04;24,534152107882
2;45;"2007-04-01";"3x3";1;"2012-09-04";810;43;14;NA;25,04;23,8892681085252
2;45;"2007-04-01";"3x3";1;"2012-09-04";810;44;14;NA;25,04;23,8892681085252
2;45;"2007-04-01";"3x3";1;"2012-09-04";810;45;14;NA;25,04;23,8892681085252
2;45;"2007-04-01";"3x3";1;"2012-09-04";810;46;14;NA;25,04;23,8892681085252
2;45;"2007-04-01";"3x3";1;"2012-09-04";810;47;15;NA;25,04;24,534152107882
2;45;"2007-04-01";"3x3";1;"2012-09-04";810;48;15;NA;25,04;24,534152107882
2;45;"2007-04-01";"3x3";1;"2012-09-04";810;49;10;NA;25,04;20,3607415310939
2;45;"2007-04-01";"3x3";1;"2012-09-04";810;50;15;NA;25,04;24,534152107882
2;45;"2007-04-01";"3x3";1;"2012-09-04";810;51;14,5;NA;25,04;24,2206838497651
2;45;"2007-04-01";"3x3";1;"2012-09-04";810;52;14;NA;25,04;23,8892681085252
2;45;"2007-04-01";"3x3";1;"2012-09-04";810;53;13;NA;25,04;23,1662058532857
2;45;"2007-04-01";"3x3";1;"2012-09-04";810;54;14;NA;25,04;23,8892681085252
2;45;"2007-04-01";"3x3";1;"2012-09-04";810;55;14,5;NA;25,04;24,2206838497651
2;45;"2007-04-01";"3x3";1;"2012-09-04";810;56;13;NA;25,04;23,1662058532857
2;45;"2007-04-01";"3x3";1;"2012-09-04";810;57;13;NA;25,04;23,1662058532857
2;45;"2007-04-01";"3x3";1;"2012-09-04";810;58;13,5;NA;25,04;23,5383524690201
2;45;"2007-04-01";"3x3";1;"2012-09-04";810;59;14;NA;25,04;23,8892681085252
2;45;"2007-04-01";"3x3";1;"2012-09-04";810;60;14;NA;25,04;23,8892681085252
2;45;"2007-04-01";"3x3";1;"2012-09-04";810;61;13,5;NA;25,04;23,5383524690201
2;45;"2007-04-01";"3x3";1;"2012-09-04";810;62;15,5;NA;25,04;24,8310683829736
2;45;"2007-04-01";"3x3";1;"2012-09-04";810;63;14;NA;25,04;23,8892681085252
2;45;"2007-04-01";"3x3";1;"2012-09-04";810;64;14,5;NA;25,04;24,2206838497651
2;45;"2007-04-01";"3x3";1;"2012-09-04";810;65;14;NA;25,04;23,8892681085252
2;45;"2007-04-01";"3x3";1;"2012-09-04";810;66;13,5;NA;25,04;23,5383524690201
2;45;"2007-04-01";"3x3";1;"2012-09-04";810;67;12;NA;25,04;22,3502467492672
2;45;"2007-04-01";"3x3";1;"2012-09-04";810;68;16,5;25,9;25,04;25,9
2;45;"2007-04-01";"3x3";1;"2012-09-04";810;69;15;NA;25,04;24,534152107882
2;45;"2007-04-01";"3x3";1;"2012-09-04";810;70;15,5;NA;25,04;24,8310683829736
2;45;"2007-04-01";"3x3";1;"2012-09-04";810;71;13;NA;25,04;23,1662058532857
2;45;"2007-04-01";"3x3";1;"2012-09-04";810;72;13,5;NA;25,04;23,5383524690201
2;45;"2007-04-01";"3x3";1;"2012-09-04";810;73;14;NA;25,04;23,8892681085252
2;45;"2007-04-01";"3x3";1;"2012-09-04";810;74;14;NA;25,04;23,8892681085252
2;45;"2007-04-01";"3x3";1;"2012-09-04";810;75;13,5;NA;25,04;23,5383524690201
2;45;"2007-04-01";"3x3";1;"2012-09-04";810;76;14;NA;25,04;23,8892681085252
2;45;"2007-04-01";"3x3";1;"2012-09-04";810;77;13,5;NA;25,04;23,5383524690201
2;45;"2007-04-01";"3x3";1;"2012-09-04";810;78;12,5;NA;25,04;22,7708933075355
2;45;"2007-04-01";"3x3";1;"2012-09-04";810;79;14;NA;25,04;23,8892681085252
2;45;"2007-04-01";"3x3";1;"2012-09-04";810;80;14;NA;25,04;23,8892681085252
2;45;"2007-04-01";"3x3";1;"2012-09-04";810;81;15,5;NA;25,04;24,8310683829736
2;45;"2007-04-01";"3x3";1;"2012-09-04";810;82;15;NA;25,04;24,534152107882
2;45;"2007-04-01";"3x3";1;"2012-09-04";810;83;13;NA;25,04;23,1662058532857
2;45;"2007-04-01";"3x3";1;"2012-09-04";810;84;14,5;NA;25,04;24,2206838497651
2;45;"2007-04-01";"3x3";1;"2012-09-04";810;85;14,5;NA;25,04;24,2206838497651
2;45;"2007-04-01";"3x3";1;"2012-09-04";810;86;15,5;NA;25,04;24,8310683829736
2;45;"2007-04-01";"3x3";1;"2012-09-04";810;87;15;NA;25,04;24,534152107882
2;45;"2007-04-01";"3x3";1;"2012-09-04";810;88;14;NA;25,04;23,8892681085252
2;45;"2007-04-01";"3x3";1;"2012-09-04";810;89;12;NA;25,04;22,3502467492672
2;45;"2007-04-01";"3x3";1;"2012-09-04";810;90;16;24,8;25,04;24,8
2;45;"2007-04-01";"3x3";2;"2012-09-04";810;1;13;23,2;23,76;23,2
2;45;"2007-04-01";"3x3";2;"2012-09-04";810;2;14,5;23,6;23,76;23,6
2;45;"2007-04-01";"3x3";2;"2012-09-04";810;3;14,5;24,2;23,76;24,2
2;45;"2007-04-01";"3x3";2;"2012-09-04";810;4;15;25,6;23,76;25,6
2;45;"2007-04-01";"3x3";2;"2012-09-04";810;5;12;23,6;23,76;23,6
2;45;"2007-04-01";"3x3";2;"2012-09-04";810;6;15;25;23,76;25
2;45;"2007-04-01";"3x3";2;"2012-09-04";810;7;13,5;22,4;23,76;22,4
2;45;"2007-04-01";"3x3";2;"2012-09-04";810;8;15;25,2;23,76;25,2
2;45;"2007-04-01";"3x3";2;"2012-09-04";810;9;NA;NA;23,76;NA
2;45;"2007-04-01";"3x3";2;"2012-09-04";810;10;14;23,5;23,76;23,5
2;45;"2007-04-01";"3x3";2;"2012-09-04";810;11;14;25;23,76;25
2;45;"2007-04-01";"3x3";2;"2012-09-04";810;12;15,5;24,6;23,76;24,6
2;45;"2007-04-01";"3x3";2;"2012-09-04";810;13;15;24,1;23,76;24,1
2;45;"2007-04-01";"3x3";2;"2012-09-04";810;14;16;25,6;23,76;25,6
2;45;"2007-04-01";"3x3";2;"2012-09-04";810;15;15,5;24,8;23,76;24,8
2;45;"2007-04-01";"3x3";2;"2012-09-04";810;16;13;22,7;23,76;22,7
2;45;"2007-04-01";"3x3";2;"2012-09-04";810;17;14;NA;23,76;23,0739137451085
2;45;"2007-04-01";"3x3";2;"2012-09-04";810;18;15;NA;23,76;23,6967874852818
2;45;"2007-04-01";"3x3";2;"2012-09-04";810;19;16;NA;23,76;24,2555795903753
2;45;"2007-04-01";"3x3";2;"2012-09-04";810;20;16;NA;23,76;24,2555795903753
2;45;"2007-04-01";"3x3";2;"2012-09-04";810;21;14,5;NA;23,76;23,3940180778323
2;45;"2007-04-01";"3x3";2;"2012-09-04";810;22;17,5;NA;23,76;24,9934317613423
2;45;"2007-04-01";"3x3";2;"2012-09-04";810;23;17;NA;23,76;24,7595640935261
2;45;"2007-04-01";"3x3";2;"2012-09-04";810;24;15;NA;23,76;23,6967874852818
2;45;"2007-04-01";"3x3";2;"2012-09-04";810;25;16,5;NA;23,76;24,5139134718508
2;45;"2007-04-01";"3x3";2;"2012-09-04";810;26;14;NA;23,76;23,0739137451085
2;45;"2007-04-01";"3x3";2;"2012-09-04";810;27;13;NA;23,76;22,3755300175725
2;45;"2007-04-01";"3x3";2;"2012-09-04";810;28;13;NA;23,76;22,3755300175725
2;45;"2007-04-01";"3x3";2;"2012-09-04";810;29;14;NA;23,76;23,0739137451085
2;45;"2007-04-01";"3x3";2;"2012-09-04";810;30;15,5;NA;23,76;23,9835698383392
2;45;"2007-04-01";"3x3";2;"2012-09-04";810;31;15;NA;23,76;23,6967874852818
2;45;"2007-04-01";"3x3";2;"2012-09-04";810;32;16;NA;23,76;24,2555795903753
2;45;"2007-04-01";"3x3";2;"2012-09-04";810;33;14,5;NA;23,76;23,3940180778323
2;45;"2007-04-01";"3x3";2;"2012-09-04";810;34;15;NA;23,76;23,6967874852818
2;45;"2007-04-01";"3x3";2;"2012-09-04";810;35;13;NA;23,76;22,3755300175725
2;45;"2007-04-01";"3x3";2;"2012-09-04";810;36;13,5;NA;23,76;22,7349750567833
2;45;"2007-04-01";"3x3";2;"2012-09-04";810;37;12;NA;23,76;21,5874200637585
2;45;"2007-04-01";"3x3";2;"2012-09-04";810;38;14;NA;23,76;23,0739137451085
2;45;"2007-04-01";"3x3";2;"2012-09-04";810;39;15,5;24,5;23,76;24,5
2;45;"2007-04-01";"3x3";2;"2012-09-04";810;40;15;NA;23,76;23,6967874852818
2;45;"2007-04-01";"3x3";2;"2012-09-04";810;41;15;NA;23,76;23,6967874852818
2;45;"2007-04-01";"3x3";2;"2012-09-04";810;42;12;NA;23,76;21,5874200637585
2;45;"2007-04-01";"3x3";2;"2012-09-04";810;43;15;NA;23,76;23,6967874852818
2;45;"2007-04-01";"3x3";2;"2012-09-04";810;44;15;NA;23,76;23,6967874852818
2;45;"2007-04-01";"3x3";2;"2012-09-04";810;45;14;NA;23,76;23,0739137451085
2;45;"2007-04-01";"3x3";2;"2012-09-04";810;46;17;NA;23,76;24,7595640935261
2;45;"2007-04-01";"3x3";2;"2012-09-04";810;47;9;NA;23,76;18,4807470806955
2;45;"2007-04-01";"3x3";2;"2012-09-04";810;48;13,5;NA;23,76;22,7349750567833
2;45;"2007-04-01";"3x3";2;"2012-09-04";810;49;17;24,7;23,76;24,7
2;45;"2007-04-01";"3x3";2;"2012-09-04";810;50;14;NA;23,76;23,0739137451085
2;45;"2007-04-01";"3x3";2;"2012-09-04";810;51;13;NA;23,76;22,3755300175725
2;45;"2007-04-01";"3x3";2;"2012-09-04";810;52;15,5;22,3;23,76;22,3
2;45;"2007-04-01";"3x3";2;"2012-09-04";810;53;12,5;NA;23,76;21,9937097147669
2;45;"2007-04-01";"3x3";2;"2012-09-04";810;54;15;NA;23,76;23,6967874852818
2;45;"2007-04-01";"3x3";2;"2012-09-04";810;55;16;NA;23,76;24,2555795903753
2;45;"2007-04-01";"3x3";2;"2012-09-04";810;56;17;24,2;23,76;24,2
2;45;"2007-04-01";"3x3";2;"2012-09-04";810;57;15,5;NA;23,76;23,9835698383392
2;45;"2007-04-01";"3x3";2;"2012-09-04";810;58;14,5;NA;23,76;23,3940180778323
2;45;"2007-04-01";"3x3";2;"2012-09-04";810;59;15,5;NA;23,76;23,9835698383392
2;45;"2007-04-01";"3x3";2;"2012-09-04";810;60;15;NA;23,76;23,6967874852818
2;45;"2007-04-01";"3x3";2;"2012-09-04";810;61;14;NA;23,76;23,0739137451085
2;45;"2007-04-01";"3x3";2;"2012-09-04";810;62;14;NA;23,76;23,0739137451085
2;45;"2007-04-01";"3x3";2;"2012-09-04";810;63;15;NA;23,76;23,6967874852818
2;45;"2007-04-01";"3x3";2;"2012-09-04";810;64;14;NA;23,76;23,0739137451085
2;45;"2007-04-01";"3x3";2;"2012-09-04";810;65;15;NA;23,76;23,6967874852818
2;45;"2007-04-01";"3x3";2;"2012-09-04";810;66;13;NA;23,76;22,3755300175725
2;45;"2007-04-01";"3x3";2;"2012-09-04";810;67;14;NA;23,76;23,0739137451085
2;45;"2007-04-01";"3x3";2;"2012-09-04";810;68;14;NA;23,76;23,0739137451085
2;45;"2007-04-01";"3x3";2;"2012-09-04";810;69;15;NA;23,76;23,6967874852818
2;45;"2007-04-01";"3x3";2;"2012-09-04";810;70;13;NA;23,76;22,3755300175725
2;45;"2007-04-01";"3x3";2;"2012-09-04";810;71;11,5;NA;23,76;21,1543090255096
2;45;"2007-04-01";"3x3";2;"2012-09-04";810;72;13;NA;23,76;22,3755300175725
2;45;"2007-04-01";"3x3";2;"2012-09-04";810;73;14,5;23,1;23,76;23,1
2;45;"2007-04-01";"3x3";2;"2012-09-04";810;74;14;NA;23,76;23,0739137451085
2;45;"2007-04-01";"3x3";2;"2012-09-04";810;75;16;NA;23,76;24,2555795903753
2;45;"2007-04-01";"3x3";2;"2012-09-04";810;76;9,5;NA;23,76;19,0952828563572
2;45;"2007-04-01";"3x3";2;"2012-09-04";810;77;15,5;NA;23,76;23,9835698383392
2;45;"2007-04-01";"3x3";2;"2012-09-04";810;78;15,5;NA;23,76;23,9835698383392
2;45;"2007-04-01";"3x3";2;"2012-09-04";810;79;15;NA;23,76;23,6967874852818
2;45;"2007-04-01";"3x3";2;"2012-09-04";810;80;15;NA;23,76;23,6967874852818
2;45;"2007-04-01";"3x3";2;"2012-09-04";810;81;15;NA;23,76;23,6967874852818
2;45;"2007-04-01";"3x3";2;"2012-09-04";810;82;16;NA;23,76;24,2555795903753
2;45;"2007-04-01";"3x3";2;"2012-09-04";810;83;15;NA;23,76;23,6967874852818
2;45;"2007-04-01";"3x3";2;"2012-09-04";810;84;15;NA;23,76;23,6967874852818
2;45;"2007-04-01";"3x3";2;"2012-09-04";810;85;14,5;NA;23,76;23,3940180778323
2;45;"2007-04-01";"3x3";2;"2012-09-04";810;86;14;NA;23,76;23,0739137451085
2;45;"2007-04-01";"3x3";2;"2012-09-04";810;87;13;NA;23,76;22,3755300175725
2;45;"2007-04-01";"3x3";2;"2012-09-04";810;88;13;NA;23,76;22,3755300175725
2;45;"2007-04-01";"3x3";2;"2012-09-04";810;89;13;NA;23,76;22,3755300175725
2;45;"2007-04-01";"3x3";2;"2012-09-04";810;90;16;NA;23,76;24,2555795903753
2;45;"2007-07-01";"3x3";3;"2012-09-05";810;1;13;20,9;20,7;20,9
2;45;"2007-07-01";"3x3";3;"2012-09-05";810;2;14;20,3;20,7;20,3
2;45;"2007-07-01";"3x3";3;"2012-09-05";810;3;13;21;20,7;21
2;45;"2007-07-01";"3x3";3;"2012-09-05";810;4;13;19,7;20,7;19,7
2;45;"2007-07-01";"3x3";3;"2012-09-05";810;5;11,5;18,9;20,7;18,9
2;45;"2007-07-01";"3x3";3;"2012-09-05";810;6;12;19,4;20,7;19,4
2;45;"2007-07-01";"3x3";3;"2012-09-05";810;7;13,5;20,5;20,7;20,5
2;45;"2007-07-01";"3x3";3;"2012-09-05";810;8;13;19,5;20,7;19,5
2;45;"2007-07-01";"3x3";3;"2012-09-05";810;9;9;17,2;20,7;17,2
2;45;"2007-07-01";"3x3";3;"2012-09-05";810;10;13;19,4;20,7;19,4
2;45;"2007-07-01";"3x3";3;"2012-09-05";810;11;12;18,9;20,7;18,9
2;45;"2007-07-01";"3x3";3;"2012-09-05";810;12;12;19,3;20,7;19,3
2;45;"2007-07-01";"3x3";3;"2012-09-05";810;13;12;20;20,7;20
2;45;"2007-07-01";"3x3";3;"2012-09-05";810;14;11,5;20;20,7;20
2;45;"2007-07-01";"3x3";3;"2012-09-05";810;15;12,5;20,1;20,7;20,1
2;45;"2007-07-01";"3x3";3;"2012-09-05";810;16;13,5;NA;20,7;20,7523377025928
2;45;"2007-07-01";"3x3";3;"2012-09-05";810;17;13;NA;20,7;20,4242386032714
2;45;"2007-07-01";"3x3";3;"2012-09-05";810;18;13,5;NA;20,7;20,7523377025928
2;45;"2007-07-01";"3x3";3;"2012-09-05";810;19;12,5;NA;20,7;20,0757155085357
2;45;"2007-07-01";"3x3";3;"2012-09-05";810;20;14,5;NA;20,7;21,3539078956186
2;45;"2007-07-01";"3x3";3;"2012-09-05";810;21;13;NA;20,7;20,4242386032714
2;45;"2007-07-01";"3x3";3;"2012-09-05";810;22;14;NA;20,7;21,0617187378932
2;45;"2007-07-01";"3x3";3;"2012-09-05";810;23;13,5;NA;20,7;20,7523377025928
2;45;"2007-07-01";"3x3";3;"2012-09-05";810;24;12;NA;20,7;19,7048569515443
2;45;"2007-07-01";"3x3";3;"2012-09-05";810;25;13;NA;20,7;20,4242386032714
2;45;"2007-07-01";"3x3";3;"2012-09-05";810;26;13;NA;20,7;20,4242386032714
2;45;"2007-07-01";"3x3";3;"2012-09-05";810;27;14;NA;20,7;21,0617187378932
2;45;"2007-07-01";"3x3";3;"2012-09-05";810;28;11,5;NA;20,7;19,3095160063261
2;45;"2007-07-01";"3x3";3;"2012-09-05";810;29;12,5;NA;20,7;20,0757155085357
2;45;"2007-07-01";"3x3";3;"2012-09-05";810;30;13;NA;20,7;20,4242386032714
2;45;"2007-07-01";"3x3";3;"2012-09-05";810;31;12;NA;20,7;19,7048569515443
2;45;"2007-07-01";"3x3";3;"2012-09-05";810;32;14;NA;20,7;21,0617187378932
2;45;"2007-07-01";"3x3";3;"2012-09-05";810;33;12;NA;20,7;19,7048569515443
2;45;"2007-07-01";"3x3";3;"2012-09-05";810;34;13;NA;20,7;20,4242386032714
2;45;"2007-07-01";"3x3";3;"2012-09-05";810;35;14;NA;20,7;21,0617187378932
2;45;"2007-07-01";"3x3";3;"2012-09-05";810;36;13,5;NA;20,7;20,7523377025928
2;45;"2007-07-01";"3x3";3;"2012-09-05";810;37;13,5;NA;20,7;20,7523377025928
2;45;"2007-07-01";"3x3";3;"2012-09-05";810;38;13;NA;20,7;20,4242386032714
2;45;"2007-07-01";"3x3";3;"2012-09-05";810;39;13;NA;20,7;20,4242386032714
2;45;"2007-07-01";"3x3";3;"2012-09-05";810;40;12,5;NA;20,7;20,0757155085357
2;45;"2007-07-01";"3x3";3;"2012-09-05";810;41;13;NA;20,7;20,4242386032714
2;45;"2007-07-01";"3x3";3;"2012-09-05";810;42;13;NA;20,7;20,4242386032714
2;45;"2007-07-01";"3x3";3;"2012-09-05";810;43;13;NA;20,7;20,4242386032714
2;45;"2007-07-01";"3x3";3;"2012-09-05";810;44;13;NA;20,7;20,4242386032714
2;45;"2007-07-01";"3x3";3;"2012-09-05";810;45;13;NA;20,7;20,4242386032714
2;45;"2007-07-01";"3x3";3;"2012-09-05";810;46;12;NA;20,7;19,7048569515443
2;45;"2007-07-01";"3x3";3;"2012-09-05";810;47;12;NA;20,7;19,7048569515443
2;45;"2007-07-01";"3x3";3;"2012-09-05";810;48;13;NA;20,7;20,4242386032714
2;45;"2007-07-01";"3x3";3;"2012-09-05";810;49;12;NA;20,7;19,7048569515443
2;45;"2007-07-01";"3x3";3;"2012-09-05";810;50;11;NA;20,7;18,8872756050312
2;45;"2007-07-01";"3x3";3;"2012-09-05";810;51;14;NA;20,7;21,0617187378932
2;45;"2007-07-01";"3x3";3;"2012-09-05";810;52;11,5;NA;20,7;19,3095160063261
2;45;"2007-07-01";"3x3";3;"2012-09-05";810;53;10,5;NA;20,7;18,4354084447176
2;45;"2007-07-01";"3x3";3;"2012-09-05";810;54;13;NA;20,7;20,4242386032714
2;45;"2007-07-01";"3x3";3;"2012-09-05";810;55;14;NA;20,7;21,0617187378932
2;45;"2007-07-01";"3x3";3;"2012-09-05";810;56;13;NA;20,7;20,4242386032714
2;45;"2007-07-01";"3x3";3;"2012-09-05";810;57;NA;NA;20,7;NA
2;45;"2007-07-01";"3x3";3;"2012-09-05";810;58;14;NA;20,7;21,0617187378932
2;45;"2007-07-01";"3x3";3;"2012-09-05";810;59;13,5;NA;20,7;20,7523377025928
2;45;"2007-07-01";"3x3";3;"2012-09-05";810;60;13,5;NA;20,7;20,7523377025928
2;45;"2007-07-01";"3x3";3;"2012-09-05";810;61;11,5;NA;20,7;19,3095160063261
2;45;"2007-07-01";"3x3";3;"2012-09-05";810;62;12;NA;20,7;19,7048569515443
2;45;"2007-07-01";"3x3";3;"2012-09-05";810;63;13,5;20,3;20,7;20,3
2;45;"2007-07-01";"3x3";3;"2012-09-05";810;64;13;NA;20,7;20,4242386032714
2;45;"2007-07-01";"3x3";3;"2012-09-05";810;65;11,5;NA;20,7;19,3095160063261
2;45;"2007-07-01";"3x3";3;"2012-09-05";810;66;12;NA;20,7;19,7048569515443
2;45;"2007-07-01";"3x3";3;"2012-09-05";810;67;13,5;NA;20,7;20,7523377025928
2;45;"2007-07-01";"3x3";3;"2012-09-05";810;68;12,5;NA;20,7;20,0757155085357
2;45;"2007-07-01";"3x3";3;"2012-09-05";810;69;12;NA;20,7;19,7048569515443
2;45;"2007-07-01";"3x3";3;"2012-09-05";810;70;11;NA;20,7;18,8872756050312
2;45;"2007-07-01";"3x3";3;"2012-09-05";810;71;13;20,5;20,7;20,5
2;45;"2007-07-01";"3x3";3;"2012-09-05";810;72;14;NA;20,7;21,0617187378932
2;45;"2007-07-01";"3x3";3;"2012-09-05";810;73;13,5;21,3;20,7;21,3
2;45;"2007-07-01";"3x3";3;"2012-09-05";810;74;13;NA;20,7;20,4242386032714
2;45;"2007-07-01";"3x3";3;"2012-09-05";810;75;13;NA;20,7;20,4242386032714
2;45;"2007-07-01";"3x3";3;"2012-09-05";810;76;14;NA;20,7;21,0617187378932
2;45;"2007-07-01";"3x3";3;"2012-09-05";810;77;14;NA;20,7;21,0617187378932
2;45;"2007-07-01";"3x3";3;"2012-09-05";810;78;13;NA;20,7;20,4242386032714
2;45;"2007-07-01";"3x3";3;"2012-09-05";810;79;11,5;NA;20,7;19,3095160063261
2;45;"2007-07-01";"3x3";3;"2012-09-05";810;80;13;NA;20,7;20,4242386032714
2;45;"2007-07-01";"3x3";3;"2012-09-05";810;81;13;NA;20,7;20,4242386032714
2;45;"2007-07-01";"3x3";3;"2012-09-05";810;82;14;NA;20,7;21,0617187378932
2;45;"2007-07-01";"3x3";3;"2012-09-05";810;83;13,5;21,2;20,7;21,2
2;45;"2007-07-01";"3x3";3;"2012-09-05";810;84;14;NA;20,7;21,0617187378932
2;45;"2007-07-01";"3x3";3;"2012-09-05";810;85;13;NA;20,7;20,4242386032714
2;45;"2007-07-01";"3x3";3;"2012-09-05";810;86;12,5;20,2;20,7;20,2
2;45;"2007-07-01";"3x3";3;"2012-09-05";810;87;14,5;NA;20,7;21,3539078956186
2;45;"2007-07-01";"3x3";3;"2012-09-05";810;88;13;NA;20,7;20,4242386032714
2;45;"2007-07-01";"3x3";3;"2012-09-05";810;89;15;NA;20,7;21,6302738460413
2;45;"2007-07-01";"3x3";3;"2012-09-05";810;90;13;NA;20,7;20,4242386032714
4;51;"2007-07-01";"3x3";4;"2012-09-05";810;1;13;19,2;19,98;19,2
4;51;"2007-07-01";"3x3";4;"2012-09-05";810;2;11;18,2;19,98;18,2
4;51;"2007-07-01";"3x3";4;"2012-09-05";810;3;12,5;18,6;19,98;18,6
4;51;"2007-07-01";"3x3";4;"2012-09-05";810;4;12,5;18,8;19,98;18,8
4;51;"2007-07-01";"3x3";4;"2012-09-05";810;5;13;19;19,98;19
4;51;"2007-07-01";"3x3";4;"2012-09-05";810;6;13;19,4;19,98;19,4
4;51;"2007-07-01";"3x3";4;"2012-09-05";810;7;10,5;16,8;19,98;16,8
4;51;"2007-07-01";"3x3";4;"2012-09-05";810;8;12;19,1;19,98;19,1
4;51;"2007-07-01";"3x3";4;"2012-09-05";810;9;13;19;19,98;19
4;51;"2007-07-01";"3x3";4;"2012-09-05";810;10;12;19;19,98;19
4;51;"2007-07-01";"3x3";4;"2012-09-05";810;11;13;17,9;19,98;17,9
4;51;"2007-07-01";"3x3";4;"2012-09-05";810;12;13;18,2;19,98;18,2
4;51;"2007-07-01";"3x3";4;"2012-09-05";810;13;12;18,2;19,98;18,2
4;51;"2007-07-01";"3x3";4;"2012-09-05";810;14;11;18;19,98;18
4;51;"2007-07-01";"3x3";4;"2012-09-05";810;15;11,5;18;19,98;18
4;51;"2007-07-01";"3x3";4;"2012-09-05";810;16;11,5;NA;19,98;18,5595229337349
4;51;"2007-07-01";"3x3";4;"2012-09-05";810;17;11,5;NA;19,98;18,5595229337349
4;51;"2007-07-01";"3x3";4;"2012-09-05";810;18;11;NA;19,98;18,2463112015562
4;51;"2007-07-01";"3x3";4;"2012-09-05";810;19;11;NA;19,98;18,2463112015562
4;51;"2007-07-01";"3x3";4;"2012-09-05";810;20;11;NA;19,98;18,2463112015562
4;51;"2007-07-01";"3x3";4;"2012-09-05";810;21;13;NA;19,98;19,3789585237445
4;51;"2007-07-01";"3x3";4;"2012-09-05";810;22;12;NA;19,98;18,8513545667207
4;51;"2007-07-01";"3x3";4;"2012-09-05";810;23;13;NA;19,98;19,3789585237445
4;51;"2007-07-01";"3x3";4;"2012-09-05";810;24;12;NA;19,98;18,8513545667207
4;51;"2007-07-01";"3x3";4;"2012-09-05";810;25;12;NA;19,98;18,8513545667207
4;51;"2007-07-01";"3x3";4;"2012-09-05";810;26;12;NA;19,98;18,8513545667207
4;51;"2007-07-01";"3x3";4;"2012-09-05";810;27;12,5;NA;19,98;19,1238907937426
4;51;"2007-07-01";"3x3";4;"2012-09-05";810;28;12;NA;19,98;18,8513545667207
4;51;"2007-07-01";"3x3";4;"2012-09-05";810;29;13;NA;19,98;19,3789585237445
4;51;"2007-07-01";"3x3";4;"2012-09-05";810;30;11,5;NA;19,98;18,5595229337349
4;51;"2007-07-01";"3x3";4;"2012-09-05";810;31;10,5;NA;19,98;17,9093313841994
4;51;"2007-07-01";"3x3";4;"2012-09-05";810;32;11,5;NA;19,98;18,5595229337349
4;51;"2007-07-01";"3x3";4;"2012-09-05";810;33;12,5;NA;19,98;19,1238907937426
4;51;"2007-07-01";"3x3";4;"2012-09-05";810;34;12,5;NA;19,98;19,1238907937426
4;51;"2007-07-01";"3x3";4;"2012-09-05";810;35;9,5;NA;19,98;17,152657800882
4;51;"2007-07-01";"3x3";4;"2012-09-05";810;36;10;NA;19,98;17,5458372510522
4;51;"2007-07-01";"3x3";4;"2012-09-05";810;37;10;NA;19,98;17,5458372510522
4;51;"2007-07-01";"3x3";4;"2012-09-05";810;38;12;NA;19,98;18,8513545667207
4;51;"2007-07-01";"3x3";4;"2012-09-05";810;39;12;NA;19,98;18,8513545667207
4;51;"2007-07-01";"3x3";4;"2012-09-05";810;40;12;NA;19,98;18,8513545667207
4;51;"2007-07-01";"3x3";4;"2012-09-05";810;41;11,5;NA;19,98;18,5595229337349
4;51;"2007-07-01";"3x3";4;"2012-09-05";810;42;11,5;NA;19,98;18,5595229337349
4;51;"2007-07-01";"3x3";4;"2012-09-05";810;43;13;NA;19,98;19,3789585237445
4;51;"2007-07-01";"3x3";4;"2012-09-05";810;44;13;NA;19,98;19,3789585237445
4;51;"2007-07-01";"3x3";4;"2012-09-05";810;45;11;NA;19,98;18,2463112015562
4;51;"2007-07-01";"3x3";4;"2012-09-05";810;46;11,5;NA;19,98;18,5595229337349
4;51;"2007-07-01";"3x3";4;"2012-09-05";810;47;11;NA;19,98;18,2463112015562
4;51;"2007-07-01";"3x3";4;"2012-09-05";810;48;12;NA;19,98;18,8513545667207
4;51;"2007-07-01";"3x3";4;"2012-09-05";810;49;13;NA;19,98;19,3789585237445
4;51;"2007-07-01";"3x3";4;"2012-09-05";810;50;13;NA;19,98;19,3789585237445
4;51;"2007-07-01";"3x3";4;"2012-09-05";810;51;11;NA;19,98;18,2463112015562
4;51;"2007-07-01";"3x3";4;"2012-09-05";810;52;12;NA;19,98;18,8513545667207
4;51;"2007-07-01";"3x3";4;"2012-09-05";810;53;13;NA;19,98;19,3789585237445
4;51;"2007-07-01";"3x3";4;"2012-09-05";810;54;13;NA;19,98;19,3789585237445
4;51;"2007-07-01";"3x3";4;"2012-09-05";810;55;12,5;NA;19,98;19,1238907937426
4;51;"2007-07-01";"3x3";4;"2012-09-05";810;56;13,5;NA;19,98;19,6181646890418
4;51;"2007-07-01";"3x3";4;"2012-09-05";810;57;12;NA;19,98;18,8513545667207
4;51;"2007-07-01";"3x3";4;"2012-09-05";810;58;11;NA;19,98;18,2463112015562
4;51;"2007-07-01";"3x3";4;"2012-09-05";810;59;12;NA;19,98;18,8513545667207
4;51;"2007-07-01";"3x3";4;"2012-09-05";810;60;12,5;NA;19,98;19,1238907937426
4;51;"2007-07-01";"3x3";4;"2012-09-05";810;61;12,5;NA;19,98;19,1238907937426
4;51;"2007-07-01";"3x3";4;"2012-09-05";810;62;12,5;NA;19,98;19,1238907937426
4;51;"2007-07-01";"3x3";4;"2012-09-05";810;63;12,5;NA;19,98;19,1238907937426
4;51;"2007-07-01";"3x3";4;"2012-09-05";810;64;13,5;NA;19,98;19,6181646890418
4;51;"2007-07-01";"3x3";4;"2012-09-05";810;65;12,5;NA;19,98;19,1238907937426
4;51;"2007-07-01";"3x3";4;"2012-09-05";810;66;13;20,6;19,98;20,6
4;51;"2007-07-01";"3x3";4;"2012-09-05";810;67;13;20,2;19,98;20,2
4;51;"2007-07-01";"3x3";4;"2012-09-05";810;68;13;NA;19,98;19,3789585237445
4;51;"2007-07-01";"3x3";4;"2012-09-05";810;69;12;NA;19,98;18,8513545667207
4;51;"2007-07-01";"3x3";4;"2012-09-05";810;70;13;NA;19,98;19,3789585237445
4;51;"2007-07-01";"3x3";4;"2012-09-05";810;71;13,5;20,8;19,98;20,8
4;51;"2007-07-01";"3x3";4;"2012-09-05";810;72;13;NA;19,98;19,3789585237445
4;51;"2007-07-01";"3x3";4;"2012-09-05";810;73;12;NA;19,98;18,8513545667207
4;51;"2007-07-01";"3x3";4;"2012-09-05";810;74;13;NA;19,98;19,3789585237445
4;51;"2007-07-01";"3x3";4;"2012-09-05";810;75;13;19,3;19,98;19,3
4;51;"2007-07-01";"3x3";4;"2012-09-05";810;76;13;19;19,98;19
4;51;"2007-07-01";"3x3";4;"2012-09-05";810;77;12,5;NA;19,98;19,1238907937426
4;51;"2007-07-01";"3x3";4;"2012-09-05";810;78;11,5;NA;19,98;18,5595229337349
4;51;"2007-07-01";"3x3";4;"2012-09-05";810;79;12,5;NA;19,98;19,1238907937426
4;51;"2007-07-01";"3x3";4;"2012-09-05";810;80;12,5;NA;19,98;19,1238907937426
4;51;"2007-07-01";"3x3";4;"2012-09-05";810;81;12;NA;19,98;18,8513545667207
4;51;"2007-07-01";"3x3";4;"2012-09-05";810;82;12,5;NA;19,98;19,1238907937426
4;51;"2007-07-01";"3x3";4;"2012-09-05";810;83;10;NA;19,98;17,5458372510522
4;51;"2007-07-01";"3x3";4;"2012-09-05";810;84;15;NA;19,98;20,2540103339276
4;51;"2007-07-01";"3x3";4;"2012-09-05";810;85;13;NA;19,98;19,3789585237445
4;51;"2007-07-01";"3x3";4;"2012-09-05";810;86;13,5;NA;19,98;19,6181646890418
4;51;"2007-07-01";"3x3";4;"2012-09-05";810;87;15,5;NA;19,98;20,442441550554
4;51;"2007-07-01";"3x3";4;"2012-09-05";810;88;14;NA;19,98;19,842927766346
4;51;"2007-07-01";"3x3";4;"2012-09-05";810;89;13,5;NA;19,98;19,6181646890418
4;51;"2007-07-01";"3x3";4;"2012-09-05";810;90;15;NA;19,98;20,2540103339276
4;51;"2007-07-01";"3x3";5;"2012-09-05";810;1;12,5;18,5;19,6;18,5
4;51;"2007-07-01";"3x3";5;"2012-09-05";810;2;12;17,6;19,6;17,6
4;51;"2007-07-01";"3x3";5;"2012-09-05";810;3;14;20,4;19,6;20,4
4;51;"2007-07-01";"3x3";5;"2012-09-05";810;4;12,5;17,9;19,6;17,9
4;51;"2007-07-01";"3x3";5;"2012-09-05";810;5;12;17,5;19,6;17,5
4;51;"2007-07-01";"3x3";5;"2012-09-05";810;6;12;18;19,6;18
4;51;"2007-07-01";"3x3";5;"2012-09-05";810;7;12,5;17,7;19,6;17,7
4;51;"2007-07-01";"3x3";5;"2012-09-05";810;8;10,5;16,8;19,6;16,8
4;51;"2007-07-01";"3x3";5;"2012-09-05";810;9;11;17,5;19,6;17,5
4;51;"2007-07-01";"3x3";5;"2012-09-05";810;10;13,5;19;19,6;19
4;51;"2007-07-01";"3x3";5;"2012-09-05";810;11;12;18,9;19,6;18,9
4;51;"2007-07-01";"3x3";5;"2012-09-05";810;12;13;20,2;19,6;20,2
4;51;"2007-07-01";"3x3";5;"2012-09-05";810;13;12;18,7;19,6;18,7
4;51;"2007-07-01";"3x3";5;"2012-09-05";810;14;13;19,7;19,6;19,7
4;51;"2007-07-01";"3x3";5;"2012-09-05";810;15;13;17,8;19,6;17,8
4;51;"2007-07-01";"3x3";5;"2012-09-05";810;16;12;NA;19,6;18,5381453282327
4;51;"2007-07-01";"3x3";5;"2012-09-05";810;17;11,5;NA;19,6;18,2511623846719
4;51;"2007-07-01";"3x3";5;"2012-09-05";810;18;12,5;NA;19,6;18,8061534528403
4;51;"2007-07-01";"3x3";5;"2012-09-05";810;19;14;NA;19,6;19,5132438556715
4;51;"2007-07-01";"3x3";5;"2012-09-05";810;20;13;NA;19,6;19,0569833139297
4;51;"2007-07-01";"3x3";5;"2012-09-05";810;21;13;NA;19,6;19,0569833139297
4;51;"2007-07-01";"3x3";5;"2012-09-05";810;22;11;NA;19,6;17,9431545654414
4;51;"2007-07-01";"3x3";5;"2012-09-05";810;23;13;NA;19,6;19,0569833139297
4;51;"2007-07-01";"3x3";5;"2012-09-05";810;24;13;NA;19,6;19,0569833139297
4;51;"2007-07-01";"3x3";5;"2012-09-05";810;25;13;NA;19,6;19,0569833139297
4;51;"2007-07-01";"3x3";5;"2012-09-05";810;26;14;NA;19,6;19,5132438556715
4;51;"2007-07-01";"3x3";5;"2012-09-05";810;27;14;NA;19,6;19,5132438556715
4;51;"2007-07-01";"3x3";5;"2012-09-05";810;28;14;NA;19,6;19,5132438556715
4;51;"2007-07-01";"3x3";5;"2012-09-05";810;29;14,5;20,1;19,6;20,1
4;51;"2007-07-01";"3x3";5;"2012-09-05";810;30;13;NA;19,6;19,0569833139297
4;51;"2007-07-01";"3x3";5;"2012-09-05";810;31;13;NA;19,6;19,0569833139297
4;51;"2007-07-01";"3x3";5;"2012-09-05";810;32;13;19,5;19,6;19,5
4;51;"2007-07-01";"3x3";5;"2012-09-05";810;33;13;NA;19,6;19,0569833139297
4;51;"2007-07-01";"3x3";5;"2012-09-05";810;34;13;NA;19,6;19,0569833139297
4;51;"2007-07-01";"3x3";5;"2012-09-05";810;35;12;NA;19,6;18,5381453282327
4;51;"2007-07-01";"3x3";5;"2012-09-05";810;36;12,5;19,6;19,6;19,6
4;51;"2007-07-01";"3x3";5;"2012-09-05";810;37;12;NA;19,6;18,5381453282327
4;51;"2007-07-01";"3x3";5;"2012-09-05";810;38;13;NA;19,6;19,0569833139297
4;51;"2007-07-01";"3x3";5;"2012-09-05";810;39;13,5;NA;19,6;19,2922151451489
4;51;"2007-07-01";"3x3";5;"2012-09-05";810;40;5;NA;19,6;11,2172661787641
4;51;"2007-07-01";"3x3";5;"2012-09-05";810;41;13;NA;19,6;19,0569833139297
4;51;"2007-07-01";"3x3";5;"2012-09-05";810;42;12,5;NA;19,6;18,8061534528403
4;51;"2007-07-01";"3x3";5;"2012-09-05";810;43;13,5;NA;19,6;19,2922151451489
4;51;"2007-07-01";"3x3";5;"2012-09-05";810;44;12;NA;19,6;18,5381453282327
4;51;"2007-07-01";"3x3";5;"2012-09-05";810;45;13;NA;19,6;19,0569833139297
4;51;"2007-07-01";"3x3";5;"2012-09-05";810;46;12;NA;19,6;18,5381453282327
4;51;"2007-07-01";"3x3";5;"2012-09-05";810;47;14;NA;19,6;19,5132438556715
4;51;"2007-07-01";"3x3";5;"2012-09-05";810;48;12,5;NA;19,6;18,8061534528403
4;51;"2007-07-01";"3x3";5;"2012-09-05";810;49;13;NA;19,6;19,0569833139297
4;51;"2007-07-01";"3x3";5;"2012-09-05";810;50;12;NA;19,6;18,5381453282327
4;51;"2007-07-01";"3x3";5;"2012-09-05";810;51;12,5;NA;19,6;18,8061534528403
4;51;"2007-07-01";"3x3";5;"2012-09-05";810;52;13;NA;19,6;19,0569833139297
4;51;"2007-07-01";"3x3";5;"2012-09-05";810;53;12;NA;19,6;18,5381453282327
4;51;"2007-07-01";"3x3";5;"2012-09-05";810;54;13;19;19,6;19
4;51;"2007-07-01";"3x3";5;"2012-09-05";810;55;12,5;NA;19,6;18,8061534528403
4;51;"2007-07-01";"3x3";5;"2012-09-05";810;56;13;NA;19,6;19,0569833139297
4;51;"2007-07-01";"3x3";5;"2012-09-05";810;57;11,5;NA;19,6;18,2511623846719
4;51;"2007-07-01";"3x3";5;"2012-09-05";810;58;13,5;NA;19,6;19,2922151451489
4;51;"2007-07-01";"3x3";5;"2012-09-05";810;59;11;NA;19,6;17,9431545654414
4;51;"2007-07-01";"3x3";5;"2012-09-05";810;60;12;NA;19,6;18,5381453282327
4;51;"2007-07-01";"3x3";5;"2012-09-05";810;61;13;NA;19,6;19,0569833139297
4;51;"2007-07-01";"3x3";5;"2012-09-05";810;62;11;NA;19,6;17,9431545654414
4;51;"2007-07-01";"3x3";5;"2012-09-05";810;63;14;NA;19,6;19,5132438556715
4;51;"2007-07-01";"3x3";5;"2012-09-05";810;64;14;NA;19,6;19,5132438556715
4;51;"2007-07-01";"3x3";5;"2012-09-05";810;65;13;NA;19,6;19,0569833139297
4;51;"2007-07-01";"3x3";5;"2012-09-05";810;66;13;NA;19,6;19,0569833139297
4;51;"2007-07-01";"3x3";5;"2012-09-05";810;67;12,5;19,8;19,6;19,8
4;51;"2007-07-01";"3x3";5;"2012-09-05";810;68;13,5;NA;19,6;19,2922151451489
4;51;"2007-07-01";"3x3";5;"2012-09-05";810;69;11;NA;19,6;17,9431545654414
4;51;"2007-07-01";"3x3";5;"2012-09-05";810;70;13,5;NA;19,6;19,2922151451489
4;51;"2007-07-01";"3x3";5;"2012-09-05";810;71;13;NA;19,6;19,0569833139297
4;51;"2007-07-01";"3x3";5;"2012-09-05";810;72;12,5;NA;19,6;18,8061534528403
4;51;"2007-07-01";"3x3";5;"2012-09-05";810;73;13;NA;19,6;19,0569833139297
4;51;"2007-07-01";"3x3";5;"2012-09-05";810;74;12;NA;19,6;18,5381453282327
4;51;"2007-07-01";"3x3";5;"2012-09-05";810;75;12;NA;19,6;18,5381453282327
4;51;"2007-07-01";"3x3";5;"2012-09-05";810;76;12;NA;19,6;18,5381453282327
4;51;"2007-07-01";"3x3";5;"2012-09-05";810;77;12;NA;19,6;18,5381453282327
4;51;"2007-07-01";"3x3";5;"2012-09-05";810;78;12,5;NA;19,6;18,8061534528403
4;51;"2007-07-01";"3x3";5;"2012-09-05";810;79;13;NA;19,6;19,0569833139297
4;51;"2007-07-01";"3x3";5;"2012-09-05";810;80;13;NA;19,6;19,0569833139297
4;51;"2007-07-01";"3x3";5;"2012-09-05";810;81;12;NA;19,6;18,5381453282327
4;51;"2007-07-01";"3x3";5;"2012-09-05";810;82;13;NA;19,6;19,0569833139297
4;51;"2007-07-01";"3x3";5;"2012-09-05";810;83;12,5;NA;19,6;18,8061534528403
4;51;"2007-07-01";"3x3";5;"2012-09-05";810;84;13,5;NA;19,6;19,2922151451489
4;51;"2007-07-01";"3x3";5;"2012-09-05";810;85;13;NA;19,6;19,0569833139297
4;51;"2007-07-01";"3x3";5;"2012-09-05";810;86;13;NA;19,6;19,0569833139297
4;51;"2007-07-01";"3x3";5;"2012-09-05";810;87;12,5;NA;19,6;18,8061534528403
4;51;"2007-07-01";"3x3";5;"2012-09-05";810;88;13;NA;19,6;19,0569833139297
4;51;"2007-07-01";"3x3";5;"2012-09-05";810;89;13;NA;19,6;19,0569833139297
4;51;"2007-07-01";"3x3";5;"2012-09-05";810;90;16;NA;19,6;20,2780814925507
2;45;"2007-04-01";"3x3";7;"2012-09-03";810;1;15,5;24,5;24,4;24,5
2;45;"2007-04-01";"3x3";7;"2012-09-03";810;2;15;24,1;24,4;24,1
2;45;"2007-04-01";"3x3";7;"2012-09-03";810;3;11;21,5;24,4;21,5
2;45;"2007-04-01";"3x3";7;"2012-09-03";810;4;15;23,9;24,4;23,9
2;45;"2007-04-01";"3x3";7;"2012-09-03";810;5;16;24,8;24,4;24,8
2;45;"2007-04-01";"3x3";7;"2012-09-03";810;6;NA;NA;24,4;NA
2;45;"2007-04-01";"3x3";7;"2012-09-03";810;7;13,5;22,8;24,4;22,8
2;45;"2007-04-01";"3x3";7;"2012-09-03";810;8;13;22,9;24,4;22,9
2;45;"2007-04-01";"3x3";7;"2012-09-03";810;9;14;24,9;24,4;24,9
2;45;"2007-04-01";"3x3";7;"2012-09-03";810;10;14,5;24,3;24,4;24,3
2;45;"2007-04-01";"3x3";7;"2012-09-03";810;11;15,5;23,9;24,4;23,9
2;45;"2007-04-01";"3x3";7;"2012-09-03";810;12;16;24,8;24,4;24,8
2;45;"2007-04-01";"3x3";7;"2012-09-03";810;13;16;24,1;24,4;24,1
2;45;"2007-04-01";"3x3";7;"2012-09-03";810;14;13,5;23,1;24,4;23,1
2;45;"2007-04-01";"3x3";7;"2012-09-03";810;15;15;24,4;24,4;24,4
2;45;"2007-04-01";"3x3";7;"2012-09-03";810;16;15;24,9;24,4;24,9
2;45;"2007-04-01";"3x3";7;"2012-09-03";810;17;15,5;24,8;24,4;24,8
2;45;"2007-04-01";"3x3";7;"2012-09-03";810;18;15;NA;24,4;24,1173269272395
2;45;"2007-04-01";"3x3";7;"2012-09-03";810;19;15;NA;24,4;24,1173269272395
2;45;"2007-04-01";"3x3";7;"2012-09-03";810;20;16;NA;24,4;24,6860357402494
2;45;"2007-04-01";"3x3";7;"2012-09-03";810;21;14;NA;24,4;23,4833992425066
2;45;"2007-04-01";"3x3";7;"2012-09-03";810;22;14,5;NA;24,4;23,8091843662464
2;45;"2007-04-01";"3x3";7;"2012-09-03";810;23;15,5;23,7;24,4;23,7
2;45;"2007-04-01";"3x3";7;"2012-09-03";810;24;15,5;NA;24,4;24,4091987166095
2;45;"2007-04-01";"3x3";7;"2012-09-03";810;25;16;NA;24,4;24,6860357402494
2;45;"2007-04-01";"3x3";7;"2012-09-03";810;26;15,5;NA;24,4;24,4091987166095
2;45;"2007-04-01";"3x3";7;"2012-09-03";810;27;15;NA;24,4;24,1173269272395
2;45;"2007-04-01";"3x3";7;"2012-09-03";810;28;14;NA;24,4;23,4833992425066
2;45;"2007-04-01";"3x3";7;"2012-09-03";810;29;15,5;NA;24,4;24,4091987166095
2;45;"2007-04-01";"3x3";7;"2012-09-03";810;30;15,5;NA;24,4;24,4091987166095
2;45;"2007-04-01";"3x3";7;"2012-09-03";810;31;15;NA;24,4;24,1173269272395
2;45;"2007-04-01";"3x3";7;"2012-09-03";810;32;15,5;NA;24,4;24,4091987166095
2;45;"2007-04-01";"3x3";7;"2012-09-03";810;33;14;NA;24,4;23,4833992425066
2;45;"2007-04-01";"3x3";7;"2012-09-03";810;34;15,5;NA;24,4;24,4091987166095
2;45;"2007-04-01";"3x3";7;"2012-09-03";810;35;15;NA;24,4;24,1173269272395
2;45;"2007-04-01";"3x3";7;"2012-09-03";810;36;14;NA;24,4;23,4833992425066
2;45;"2007-04-01";"3x3";7;"2012-09-03";810;37;16;NA;24,4;24,6860357402494
2;45;"2007-04-01";"3x3";7;"2012-09-03";810;38;12;NA;24,4;21,9705252248508
2;45;"2007-04-01";"3x3";7;"2012-09-03";810;39;14;NA;24,4;23,4833992425066
2;45;"2007-04-01";"3x3";7;"2012-09-03";810;40;14,5;NA;24,4;23,8091843662464
2;45;"2007-04-01";"3x3";7;"2012-09-03";810;41;12,5;NA;24,4;22,3840251706392
2;45;"2007-04-01";"3x3";7;"2012-09-03";810;42;15;NA;24,4;24,1173269272395
2;45;"2007-04-01";"3x3";7;"2012-09-03";810;43;15,5;NA;24,4;24,4091987166095
2;45;"2007-04-01";"3x3";7;"2012-09-03";810;44;13,5;NA;24,4;23,1384455157745
2;45;"2007-04-01";"3x3";7;"2012-09-03";810;45;14,5;NA;24,4;23,8091843662464
2;45;"2007-04-01";"3x3";7;"2012-09-03";810;46;14;NA;24,4;23,4833992425066
2;45;"2007-04-01";"3x3";7;"2012-09-03";810;47;16;NA;24,4;24,6860357402494
2;45;"2007-04-01";"3x3";7;"2012-09-03";810;48;14;NA;24,4;23,4833992425066
2;45;"2007-04-01";"3x3";7;"2012-09-03";810;49;12;NA;24,4;21,9705252248508
2;45;"2007-04-01";"3x3";7;"2012-09-03";810;50;14,5;NA;24,4;23,8091843662464
2;45;"2007-04-01";"3x3";7;"2012-09-03";810;51;16;NA;24,4;24,6860357402494
2;45;"2007-04-01";"3x3";7;"2012-09-03";810;52;14;NA;24,4;23,4833992425066
2;45;"2007-04-01";"3x3";7;"2012-09-03";810;53;14;NA;24,4;23,4833992425066
2;45;"2007-04-01";"3x3";7;"2012-09-03";810;54;13,5;NA;24,4;23,1384455157745
2;45;"2007-04-01";"3x3";7;"2012-09-03";810;55;15;NA;24,4;24,1173269272395
2;45;"2007-04-01";"3x3";7;"2012-09-03";810;56;16;NA;24,4;24,6860357402494
2;45;"2007-04-01";"3x3";7;"2012-09-03";810;57;14,5;NA;24,4;23,8091843662464
2;45;"2007-04-01";"3x3";7;"2012-09-03";810;58;17;NA;24,4;25,1989642980253
2;45;"2007-04-01";"3x3";7;"2012-09-03";810;59;16,5;NA;24,4;24,9489541919508
2;45;"2007-04-01";"3x3";7;"2012-09-03";810;60;15,5;NA;24,4;24,4091987166095
2;45;"2007-04-01";"3x3";7;"2012-09-03";810;61;13;NA;24,4;22,7726215183906
2;45;"2007-04-01";"3x3";7;"2012-09-03";810;62;16;NA;24,4;24,6860357402494
2;45;"2007-04-01";"3x3";7;"2012-09-03";810;63;16;NA;24,4;24,6860357402494
2;45;"2007-04-01";"3x3";7;"2012-09-03";810;64;16,5;23,6;24,4;23,6
2;45;"2007-04-01";"3x3";7;"2012-09-03";810;65;15;NA;24,4;24,1173269272395
2;45;"2007-04-01";"3x3";7;"2012-09-03";810;66;13;NA;24,4;22,7726215183906
2;45;"2007-04-01";"3x3";7;"2012-09-03";810;67;16;NA;24,4;24,6860357402494
2;45;"2007-04-01";"3x3";7;"2012-09-03";810;68;10;NA;24,4;20,0148208842587
2;45;"2007-04-01";"3x3";7;"2012-09-03";810;69;16;NA;24,4;24,6860357402494
2;45;"2007-04-01";"3x3";7;"2012-09-03";810;70;16,5;NA;24,4;24,9489541919508
2;45;"2007-04-01";"3x3";7;"2012-09-03";810;71;14;NA;24,4;23,4833992425066
2;45;"2007-04-01";"3x3";7;"2012-09-03";810;72;13;NA;24,4;22,7726215183906
2;45;"2007-04-01";"3x3";7;"2012-09-03";810;73;14;NA;24,4;23,4833992425066
2;45;"2007-04-01";"3x3";7;"2012-09-03";810;74;16;NA;24,4;24,6860357402494
2;45;"2007-04-01";"3x3";7;"2012-09-03";810;75;16;NA;24,4;24,6860357402494
2;45;"2007-04-01";"3x3";7;"2012-09-03";810;76;13,5;NA;24,4;23,1384455157745
2;45;"2007-04-01";"3x3";7;"2012-09-03";810;77;17;25,1;24,4;25,1
2;45;"2007-04-01";"3x3";7;"2012-09-03";810;78;16;NA;24,4;24,6860357402494
2;45;"2007-04-01";"3x3";7;"2012-09-03";810;79;14,5;NA;24,4;23,8091843662464
2;45;"2007-04-01";"3x3";7;"2012-09-03";810;80;15,5;NA;24,4;24,4091987166095
2;45;"2007-04-01";"3x3";7;"2012-09-03";810;81;15,5;NA;24,4;24,4091987166095
2;45;"2007-04-01";"3x3";7;"2012-09-03";810;82;15;NA;24,4;24,1173269272395
2;45;"2007-04-01";"3x3";7;"2012-09-03";810;83;15;NA;24,4;24,1173269272395
2;45;"2007-04-01";"3x3";7;"2012-09-03";810;84;13;NA;24,4;22,7726215183906
2;45;"2007-04-01";"3x3";7;"2012-09-03";810;85;14,5;NA;24,4;23,8091843662464
2;45;"2007-04-01";"3x3";7;"2012-09-03";810;86;16;NA;24,4;24,6860357402494
2;45;"2007-04-01";"3x3";7;"2012-09-03";810;87;13;NA;24,4;22,7726215183906
2;45;"2007-04-01";"3x3";7;"2012-09-03";810;88;15;NA;24,4;24,1173269272395
2;45;"2007-04-01";"3x3";7;"2012-09-03";810;89;14,5;NA;24,4;23,8091843662464
2;45;"2007-04-01";"3x3";7;"2012-09-03";810;90;14,5;NA;24,4;23,8091843662464
2;45;"2007-04-01";"3x3";8;"2012-09-03";810;1;15;23,7;23,96;23,7
2;45;"2007-04-01";"3x3";8;"2012-09-03";810;2;16;24,4;23,96;24,4
2;45;"2007-04-01";"3x3";8;"2012-09-03";810;3;14,5;24,5;23,96;24,5
2;45;"2007-04-01";"3x3";8;"2012-09-03";810;4;15,5;24,3;23,96;24,3
2;45;"2007-04-01";"3x3";8;"2012-09-03";810;5;16;24,2;23,96;24,2
2;45;"2007-04-01";"3x3";8;"2012-09-03";810;6;13,5;23,3;23,96;23,3
2;45;"2007-04-01";"3x3";8;"2012-09-03";810;7;14,5;23,1;23,96;23,1
2;45;"2007-04-01";"3x3";8;"2012-09-03";810;8;15,5;23,4;23,96;23,4
2;45;"2007-04-01";"3x3";8;"2012-09-03";810;9;14;22,8;23,96;22,8
2;45;"2007-04-01";"3x3";8;"2012-09-03";810;10;13;22,3;23,96;22,3
2;45;"2007-04-01";"3x3";8;"2012-09-03";810;11;16;23,1;23,96;23,1
2;45;"2007-04-01";"3x3";8;"2012-09-03";810;12;13;23,3;23,96;23,3
2;45;"2007-04-01";"3x3";8;"2012-09-03";810;13;14;22,4;23,96;22,4
2;45;"2007-04-01";"3x3";8;"2012-09-03";810;14;15;23,6;23,96;23,6
2;45;"2007-04-01";"3x3";8;"2012-09-03";810;15;13,5;22,7;23,96;22,7
2;45;"2007-04-01";"3x3";8;"2012-09-03";810;16;15,5;23,1;23,96;23,1
2;45;"2007-04-01";"3x3";8;"2012-09-03";810;17;12;23,5;23,96;23,5
2;45;"2007-04-01";"3x3";8;"2012-09-03";810;18;14;23,3;23,96;23,3
2;45;"2007-04-01";"3x3";8;"2012-09-03";810;19;16;23,5;23,96;23,5
2;45;"2007-04-01";"3x3";8;"2012-09-03";810;20;15;24,5;23,96;24,5
2;45;"2007-04-01";"3x3";8;"2012-09-03";810;21;16;NA;23,96;24,3905136888166
2;45;"2007-04-01";"3x3";8;"2012-09-03";810;22;15,5;NA;23,96;24,1169907430627
2;45;"2007-04-01";"3x3";8;"2012-09-03";810;23;15,5;NA;23,96;24,1169907430627
2;45;"2007-04-01";"3x3";8;"2012-09-03";810;24;14;NA;23,96;23,2022742213901
2;45;"2007-04-01";"3x3";8;"2012-09-03";810;25;16;NA;23,96;24,3905136888166
2;45;"2007-04-01";"3x3";8;"2012-09-03";810;26;16;NA;23,96;24,3905136888166
2;45;"2007-04-01";"3x3";8;"2012-09-03";810;27;16;NA;23,96;24,3905136888166
2;45;"2007-04-01";"3x3";8;"2012-09-03";810;28;14;NA;23,96;23,2022742213901
2;45;"2007-04-01";"3x3";8;"2012-09-03";810;29;13,5;NA;23,96;22,8614500128215
2;45;"2007-04-01";"3x3";8;"2012-09-03";810;30;14;NA;23,96;23,2022742213901
2;45;"2007-04-01";"3x3";8;"2012-09-03";810;31;14,5;NA;23,96;23,5241592985972
2;45;"2007-04-01";"3x3";8;"2012-09-03";810;32;15;NA;23,96;23,8286130161196
2;45;"2007-04-01";"3x3";8;"2012-09-03";810;33;16;NA;23,96;24,3905136888166
2;45;"2007-04-01";"3x3";8;"2012-09-03";810;34;15;NA;23,96;23,8286130161196
2;45;"2007-04-01";"3x3";8;"2012-09-03";810;35;15;NA;23,96;23,8286130161196
2;45;"2007-04-01";"3x3";8;"2012-09-03";810;36;15,5;NA;23,96;24,1169907430627
2;45;"2007-04-01";"3x3";8;"2012-09-03";810;37;14;NA;23,96;23,2022742213901
2;45;"2007-04-01";"3x3";8;"2012-09-03";810;38;14;NA;23,96;23,2022742213901
2;45;"2007-04-01";"3x3";8;"2012-09-03";810;39;12,5;NA;23,96;22,1160610022586
2;45;"2007-04-01";"3x3";8;"2012-09-03";810;40;13;NA;23,96;22,5000053762757
2;45;"2007-04-01";"3x3";8;"2012-09-03";810;41;14;NA;23,96;23,2022742213901
2;45;"2007-04-01";"3x3";8;"2012-09-03";810;42;15;NA;23,96;23,8286130161196
2;45;"2007-04-01";"3x3";8;"2012-09-03";810;43;13,5;NA;23,96;22,8614500128215
2;45;"2007-04-01";"3x3";8;"2012-09-03";810;44;12;NA;23,96;21,7075111567428
2;45;"2007-04-01";"3x3";8;"2012-09-03";810;45;13;NA;23,96;22,5000053762757
2;45;"2007-04-01";"3x3";8;"2012-09-03";810;46;15;NA;23,96;23,8286130161196
2;45;"2007-04-01";"3x3";8;"2012-09-03";810;47;14,5;NA;23,96;23,5241592985972
2;45;"2007-04-01";"3x3";8;"2012-09-03";810;48;15,5;NA;23,96;24,1169907430627
2;45;"2007-04-01";"3x3";8;"2012-09-03";810;49;15,5;NA;23,96;24,1169907430627
2;45;"2007-04-01";"3x3";8;"2012-09-03";810;50;15,5;NA;23,96;24,1169907430627
2;45;"2007-04-01";"3x3";8;"2012-09-03";810;51;14;NA;23,96;23,2022742213901
2;45;"2007-04-01";"3x3";8;"2012-09-03";810;52;14;NA;23,96;23,2022742213901
2;45;"2007-04-01";"3x3";8;"2012-09-03";810;53;15,5;NA;23,96;24,1169907430627
2;45;"2007-04-01";"3x3";8;"2012-09-03";810;54;14;NA;23,96;23,2022742213901
2;45;"2007-04-01";"3x3";8;"2012-09-03";810;55;14;NA;23,96;23,2022742213901
2;45;"2007-04-01";"3x3";8;"2012-09-03";810;56;14,5;NA;23,96;23,5241592985972
2;45;"2007-04-01";"3x3";8;"2012-09-03";810;57;13;NA;23,96;22,5000053762757
2;45;"2007-04-01";"3x3";8;"2012-09-03";810;58;15;NA;23,96;23,8286130161196
2;45;"2007-04-01";"3x3";8;"2012-09-03";810;59;16;NA;23,96;24,3905136888166
2;45;"2007-04-01";"3x3";8;"2012-09-03";810;60;13,5;NA;23,96;22,8614500128215
2;45;"2007-04-01";"3x3";8;"2012-09-03";810;61;12,5;NA;23,96;22,1160610022586
2;45;"2007-04-01";"3x3";8;"2012-09-03";810;62;14,5;NA;23,96;23,5241592985972
2;45;"2007-04-01";"3x3";8;"2012-09-03";810;63;14,5;NA;23,96;23,5241592985972
2;45;"2007-04-01";"3x3";8;"2012-09-03";810;64;15;NA;23,96;23,8286130161196
2;45;"2007-04-01";"3x3";8;"2012-09-03";810;65;14;NA;23,96;23,2022742213901
2;45;"2007-04-01";"3x3";8;"2012-09-03";810;66;15,5;NA;23,96;24,1169907430627
2;45;"2007-04-01";"3x3";8;"2012-09-03";810;67;15;NA;23,96;23,8286130161196
2;45;"2007-04-01";"3x3";8;"2012-09-03";810;68;15,5;NA;23,96;24,1169907430627
2;45;"2007-04-01";"3x3";8;"2012-09-03";810;69;15;NA;23,96;23,8286130161196
2;45;"2007-04-01";"3x3";8;"2012-09-03";810;70;13;NA;23,96;22,5000053762757
2;45;"2007-04-01";"3x3";8;"2012-09-03";810;71;14;NA;23,96;23,2022742213901
2;45;"2007-04-01";"3x3";8;"2012-09-03";810;72;14;NA;23,96;23,2022742213901
2;45;"2007-04-01";"3x3";8;"2012-09-03";810;73;16;NA;23,96;24,3905136888166
2;45;"2007-04-01";"3x3";8;"2012-09-03";810;74;15;NA;23,96;23,8286130161196
2;45;"2007-04-01";"3x3";8;"2012-09-03";810;75;15,5;NA;23,96;24,1169907430627
2;45;"2007-04-01";"3x3";8;"2012-09-03";810;76;15,5;NA;23,96;24,1169907430627
2;45;"2007-04-01";"3x3";8;"2012-09-03";810;77;14,5;NA;23,96;23,5241592985972
2;45;"2007-04-01";"3x3";8;"2012-09-03";810;78;16;NA;23,96;24,3905136888166
2;45;"2007-04-01";"3x3";8;"2012-09-03";810;79;14;NA;23,96;23,2022742213901
2;45;"2007-04-01";"3x3";8;"2012-09-03";810;80;15,5;NA;23,96;24,1169907430627
2;45;"2007-04-01";"3x3";8;"2012-09-03";810;81;16;NA;23,96;24,3905136888166
2;45;"2007-04-01";"3x3";8;"2012-09-03";810;82;14;NA;23,96;23,2022742213901
2;45;"2007-04-01";"3x3";8;"2012-09-03";810;83;16;NA;23,96;24,3905136888166
2;45;"2007-04-01";"3x3";8;"2012-09-03";810;84;15;NA;23,96;23,8286130161196
2;45;"2007-04-01";"3x3";8;"2012-09-03";810;85;13;NA;23,96;22,5000053762757
2;45;"2007-04-01";"3x3";8;"2012-09-03";810;86;13,5;NA;23,96;22,8614500128215
2;45;"2007-04-01";"3x3";8;"2012-09-03";810;87;15,5;NA;23,96;24,1169907430627
2;45;"2007-04-01";"3x3";8;"2012-09-03";810;88;14;NA;23,96;23,2022742213901
2;45;"2007-04-01";"3x3";8;"2012-09-03";810;89;13,5;NA;23,96;22,8614500128215
2;45;"2007-04-01";"3x3";8;"2012-09-03";810;90;15;NA;23,96;23,8286130161196
4;51;"2007-05-01";"3x3";9;"2012-09-05";810;1;13;20,5;20,72;20,5
4;51;"2007-05-01";"3x3";9;"2012-09-05";810;2;13;21;20,72;21
4;51;"2007-05-01";"3x3";9;"2012-09-05";810;3;15;21,8;20,72;21,8
4;51;"2007-05-01";"3x3";9;"2012-09-05";810;4;14;21,4;20,72;21,4
4;51;"2007-05-01";"3x3";9;"2012-09-05";810;5;12;18,8;20,72;18,8
4;51;"2007-05-01";"3x3";9;"2012-09-05";810;6;14;21,4;20,72;21,4
4;51;"2007-05-01";"3x3";9;"2012-09-05";810;7;12,5;21;20,72;21
4;51;"2007-05-01";"3x3";9;"2012-09-05";810;8;13;21,3;20,72;21,3
4;51;"2007-05-01";"3x3";9;"2012-09-05";810;9;7,5;17,1;20,72;17,1
4;51;"2007-05-01";"3x3";9;"2012-09-05";810;10;15,5;21;20,72;21
4;51;"2007-05-01";"3x3";9;"2012-09-05";810;11;14;21;20,72;21
4;51;"2007-05-01";"3x3";9;"2012-09-05";810;12;11,5;19,6;20,72;19,6
4;51;"2007-05-01";"3x3";9;"2012-09-05";810;13;12;19;20,72;19
4;51;"2007-05-01";"3x3";9;"2012-09-05";810;14;NA;NA;20,72;NA
4;51;"2007-05-01";"3x3";9;"2012-09-05";810;15;13,5;21,1;20,72;21,1
4;51;"2007-05-01";"3x3";9;"2012-09-05";810;16;12,5;20,3;20,72;20,3
4;51;"2007-05-01";"3x3";9;"2012-09-05";810;17;14,5;NA;20,72;20,7010653209538
4;51;"2007-05-01";"3x3";9;"2012-09-05";810;18;12,5;NA;20,72;19,7404488018511
4;51;"2007-05-01";"3x3";9;"2012-09-05";810;19;15;NA;20,72;20,9070036187346
4;51;"2007-05-01";"3x3";9;"2012-09-05";810;20;13;NA;20,72;20,0037399657368
4;51;"2007-05-01";"3x3";9;"2012-09-05";810;21;13;NA;20,72;20,0037399657368
4;51;"2007-05-01";"3x3";9;"2012-09-05";810;22;14;NA;20,72;20,4826676681584
4;51;"2007-05-01";"3x3";9;"2012-09-05";810;23;10;NA;20,72;18,111518501943
4;51;"2007-05-01";"3x3";9;"2012-09-05";810;24;14;NA;20,72;20,4826676681584
4;51;"2007-05-01";"3x3";9;"2012-09-05";810;25;13,5;NA;20,72;20,2506581849458
4;51;"2007-05-01";"3x3";9;"2012-09-05";810;26;12;NA;20,72;19,4591259531589
4;51;"2007-05-01";"3x3";9;"2012-09-05";810;27;13;NA;20,72;20,0037399657368
4;51;"2007-05-01";"3x3";9;"2012-09-05";810;28;14;NA;20,72;20,4826676681584
4;51;"2007-05-01";"3x3";9;"2012-09-05";810;29;14;NA;20,72;20,4826676681584
4;51;"2007-05-01";"3x3";9;"2012-09-05";810;30;14;NA;20,72;20,4826676681584
4;51;"2007-05-01";"3x3";9;"2012-09-05";810;31;14;NA;20,72;20,4826676681584
4;51;"2007-05-01";"3x3";9;"2012-09-05";810;32;13;NA;20,72;20,0037399657368
4;51;"2007-05-01";"3x3";9;"2012-09-05";810;33;15;NA;20,72;20,9070036187346
4;51;"2007-05-01";"3x3";9;"2012-09-05";810;34;14;NA;20,72;20,4826676681584
4;51;"2007-05-01";"3x3";9;"2012-09-05";810;35;11,5;NA;20,72;19,1578856108117
4;51;"2007-05-01";"3x3";9;"2012-09-05";810;36;15;22,3;20,72;22,3
4;51;"2007-05-01";"3x3";9;"2012-09-05";810;37;13;NA;20,72;20,0037399657368
4;51;"2007-05-01";"3x3";9;"2012-09-05";810;38;13;NA;20,72;20,0037399657368
4;51;"2007-05-01";"3x3";9;"2012-09-05";810;39;14;22,1;20,72;22,1
4;51;"2007-05-01";"3x3";9;"2012-09-05";810;40;12,5;NA;20,72;19,7404488018511
4;51;"2007-05-01";"3x3";9;"2012-09-05";810;41;12;NA;20,72;19,4591259531589
4;51;"2007-05-01";"3x3";9;"2012-09-05";810;42;15;NA;20,72;20,9070036187346
4;51;"2007-05-01";"3x3";9;"2012-09-05";810;43;16;NA;20,72;21,2855026684366
4;51;"2007-05-01";"3x3";9;"2012-09-05";810;44;15;NA;20,72;20,9070036187346
4;51;"2007-05-01";"3x3";9;"2012-09-05";810;45;14,5;NA;20,72;20,7010653209538
4;51;"2007-05-01";"3x3";9;"2012-09-05";810;46;15,5;NA;20,72;21,1015098949208
4;51;"2007-05-01";"3x3";9;"2012-09-05";810;47;14;NA;20,72;20,4826676681584
4;51;"2007-05-01";"3x3";9;"2012-09-05";810;48;14;NA;20,72;20,4826676681584
4;51;"2007-05-01";"3x3";9;"2012-09-05";810;49;14,5;NA;20,72;20,7010653209538
4;51;"2007-05-01";"3x3";9;"2012-09-05";810;50;13;NA;20,72;20,0037399657368
4;51;"2007-05-01";"3x3";9;"2012-09-05";810;51;11;NA;20,72;18,83457587066
4;51;"2007-05-01";"3x3";9;"2012-09-05";810;52;15;NA;20,72;20,9070036187346
4;51;"2007-05-01";"3x3";9;"2012-09-05";810;53;13,5;NA;20,72;20,2506581849458
4;51;"2007-05-01";"3x3";9;"2012-09-05";810;54;13,5;NA;20,72;20,2506581849458
4;51;"2007-05-01";"3x3";9;"2012-09-05";810;55;13,5;NA;20,72;20,2506581849458
4;51;"2007-05-01";"3x3";9;"2012-09-05";810;56;13,5;NA;20,72;20,2506581849458
4;51;"2007-05-01";"3x3";9;"2012-09-05";810;57;13,5;NA;20,72;20,2506581849458
4;51;"2007-05-01";"3x3";9;"2012-09-05";810;58;14,5;NA;20,72;20,7010653209538
4;51;"2007-05-01";"3x3";9;"2012-09-05";810;59;12,5;NA;20,72;19,7404488018511
4;51;"2007-05-01";"3x3";9;"2012-09-05";810;60;15;NA;20,72;20,9070036187346
4;51;"2007-05-01";"3x3";9;"2012-09-05";810;61;12;NA;20,72;19,4591259531589
4;51;"2007-05-01";"3x3";9;"2012-09-05";810;62;14;NA;20,72;20,4826676681584
4;51;"2007-05-01";"3x3";9;"2012-09-05";810;63;15;22,5;20,72;22,5
4;51;"2007-05-01";"3x3";9;"2012-09-05";810;64;14;NA;20,72;20,4826676681584
4;51;"2007-05-01";"3x3";9;"2012-09-05";810;65;14;13,6;20,72;13,6
4;51;"2007-05-01";"3x3";9;"2012-09-05";810;66;14;NA;20,72;20,4826676681584
4;51;"2007-05-01";"3x3";9;"2012-09-05";810;67;12;NA;20,72;19,4591259531589
4;51;"2007-05-01";"3x3";9;"2012-09-05";810;68;12;NA;20,72;19,4591259531589
4;51;"2007-05-01";"3x3";9;"2012-09-05";810;69;13;NA;20,72;20,0037399657368
4;51;"2007-05-01";"3x3";9;"2012-09-05";810;70;13;NA;20,72;20,0037399657368
4;51;"2007-05-01";"3x3";9;"2012-09-05";810;71;14;NA;20,72;20,4826676681584
4;51;"2007-05-01";"3x3";9;"2012-09-05";810;72;14,5;NA;20,72;20,7010653209538
4;51;"2007-05-01";"3x3";9;"2012-09-05";810;73;15,5;NA;20,72;21,1015098949208
4;51;"2007-05-01";"3x3";9;"2012-09-05";810;74;14,5;23,1;20,72;23,1
4;51;"2007-05-01";"3x3";9;"2012-09-05";810;75;14;NA;20,72;20,4826676681584
4;51;"2007-05-01";"3x3";9;"2012-09-05";810;76;13;NA;20,72;20,0037399657368
4;51;"2007-05-01";"3x3";9;"2012-09-05";810;77;15,5;NA;20,72;21,1015098949208
4;51;"2007-05-01";"3x3";9;"2012-09-05";810;78;14,5;NA;20,72;20,7010653209538
4;51;"2007-05-01";"3x3";9;"2012-09-05";810;79;14,5;NA;20,72;20,7010653209538
4;51;"2007-05-01";"3x3";9;"2012-09-05";810;80;15;NA;20,72;20,9070036187346
4;51;"2007-05-01";"3x3";9;"2012-09-05";810;81;13;NA;20,72;20,0037399657368
4;51;"2007-05-01";"3x3";9;"2012-09-05";810;82;14,5;NA;20,72;20,7010653209538
4;51;"2007-05-01";"3x3";9;"2012-09-05";810;83;12;NA;20,72;19,4591259531589
4;51;"2007-05-01";"3x3";9;"2012-09-05";810;84;13;NA;20,72;20,0037399657368
4;51;"2007-05-01";"3x3";9;"2012-09-05";810;85;14;NA;20,72;20,4826676681584
4;51;"2007-05-01";"3x3";9;"2012-09-05";810;86;15;NA;20,72;20,9070036187346
4;51;"2007-05-01";"3x3";9;"2012-09-05";810;87;14,5;NA;20,72;20,7010653209538
4;51;"2007-05-01";"3x3";9;"2012-09-05";810;88;14,5;NA;20,72;20,7010653209538
4;51;"2007-05-01";"3x3";9;"2012-09-05";810;89;13,5;NA;20,72;20,2506581849458
4;51;"2007-05-01";"3x3";9;"2012-09-05";810;90;14;NA;20,72;20,4826676681584
4;51;"2007-05-01";"3x3";10;"2012-09-05";810;1;15,5;22,2;21,68;22,2
4;51;"2007-05-01";"3x3";10;"2012-09-05";810;2;12,5;21,2;21,68;21,2
4;51;"2007-05-01";"3x3";10;"2012-09-05";810;3;15;21,3;21,68;21,3
4;51;"2007-05-01";"3x3";10;"2012-09-05";810;4;14;21,6;21,68;21,6
4;51;"2007-05-01";"3x3";10;"2012-09-05";810;5;11,5;20,9;21,68;20,9
4;51;"2007-05-01";"3x3";10;"2012-09-05";810;6;16;22,7;21,68;22,7
4;51;"2007-05-01";"3x3";10;"2012-09-05";810;7;14;21,6;21,68;21,6
4;51;"2007-05-01";"3x3";10;"2012-09-05";810;8;13;21,7;21,68;21,7
4;51;"2007-05-01";"3x3";10;"2012-09-05";810;9;14;21,8;21,68;21,8
4;51;"2007-05-01";"3x3";10;"2012-09-05";810;10;13,5;21,6;21,68;21,6
4;51;"2007-05-01";"3x3";10;"2012-09-05";810;11;14;21,5;21,68;21,5
4;51;"2007-05-01";"3x3";10;"2012-09-05";810;12;13;21,6;21,68;21,6
4;51;"2007-05-01";"3x3";10;"2012-09-05";810;13;13;21,6;21,68;21,6
4;51;"2007-05-01";"3x3";10;"2012-09-05";810;14;13;21,5;21,68;21,5
4;51;"2007-05-01";"3x3";10;"2012-09-05";810;15;14;22,2;21,68;22,2
4;51;"2007-05-01";"3x3";10;"2012-09-05";810;16;13,5;NA;21,68;21,0669245756816
4;51;"2007-05-01";"3x3";10;"2012-09-05";810;17;15,5;NA;21,68;21,9520725365739
4;51;"2007-05-01";"3x3";10;"2012-09-05";810;18;14,5;NA;21,68;21,5354867861525
4;51;"2007-05-01";"3x3";10;"2012-09-05";810;19;14;NA;21,68;21,3082859299172
4;51;"2007-05-01";"3x3";10;"2012-09-05";810;20;15;NA;21,68;21,7497260739311
4;51;"2007-05-01";"3x3";10;"2012-09-05";810;21;13;NA;21,68;20,8100535420129
4;51;"2007-05-01";"3x3";10;"2012-09-05";810;22;15,5;22,6;21,68;22,6
4;51;"2007-05-01";"3x3";10;"2012-09-05";810;23;15;20,9;21,68;20,9
4;51;"2007-05-01";"3x3";10;"2012-09-05";810;24;14,5;NA;21,68;21,5354867861525
4;51;"2007-05-01";"3x3";10;"2012-09-05";810;25;14;NA;21,68;21,3082859299172
4;51;"2007-05-01";"3x3";10;"2012-09-05";810;26;13;NA;21,68;20,8100535420129
4;51;"2007-05-01";"3x3";10;"2012-09-05";810;27;13;NA;21,68;20,8100535420129
4;51;"2007-05-01";"3x3";10;"2012-09-05";810;28;14;NA;21,68;21,3082859299172
4;51;"2007-05-01";"3x3";10;"2012-09-05";810;29;14;NA;21,68;21,3082859299172
4;51;"2007-05-01";"3x3";10;"2012-09-05";810;30;13;NA;21,68;20,8100535420129
4;51;"2007-05-01";"3x3";10;"2012-09-05";810;31;13;NA;21,68;20,8100535420129
4;51;"2007-05-01";"3x3";10;"2012-09-05";810;32;14;NA;21,68;21,3082859299172
4;51;"2007-05-01";"3x3";10;"2012-09-05";810;33;14;NA;21,68;21,3082859299172
4;51;"2007-05-01";"3x3";10;"2012-09-05";810;34;14;NA;21,68;21,3082859299172
4;51;"2007-05-01";"3x3";10;"2012-09-05";810;35;15;NA;21,68;21,7497260739311
4;51;"2007-05-01";"3x3";10;"2012-09-05";810;36;12,5;NA;21,68;20,5361496007006
4;51;"2007-05-01";"3x3";10;"2012-09-05";810;37;14;NA;21,68;21,3082859299172
4;51;"2007-05-01";"3x3";10;"2012-09-05";810;38;13,5;NA;21,68;21,0669245756816
4;51;"2007-05-01";"3x3";10;"2012-09-05";810;39;15;NA;21,68;21,7497260739311
4;51;"2007-05-01";"3x3";10;"2012-09-05";810;40;14,5;NA;21,68;21,5354867861525
4;51;"2007-05-01";"3x3";10;"2012-09-05";810;41;14;NA;21,68;21,3082859299172
4;51;"2007-05-01";"3x3";10;"2012-09-05";810;42;12,5;NA;21,68;20,5361496007006
4;51;"2007-05-01";"3x3";10;"2012-09-05";810;43;16;NA;21,68;22,1434817167955
4;51;"2007-05-01";"3x3";10;"2012-09-05";810;44;13;NA;21,68;20,8100535420129
4;51;"2007-05-01";"3x3";10;"2012-09-05";810;45;14;NA;21,68;21,3082859299172
4;51;"2007-05-01";"3x3";10;"2012-09-05";810;46;13;NA;21,68;20,8100535420129
4;51;"2007-05-01";"3x3";10;"2012-09-05";810;47;15;NA;21,68;21,7497260739311
4;51;"2007-05-01";"3x3";10;"2012-09-05";810;48;15;NA;21,68;21,7497260739311
4;51;"2007-05-01";"3x3";10;"2012-09-05";810;49;14;NA;21,68;21,3082859299172
4;51;"2007-05-01";"3x3";10;"2012-09-05";810;50;14;NA;21,68;21,3082859299172
4;51;"2007-05-01";"3x3";10;"2012-09-05";810;51;12,5;NA;21,68;20,5361496007006
4;51;"2007-05-01";"3x3";10;"2012-09-05";810;52;13,5;NA;21,68;21,0669245756816
4;51;"2007-05-01";"3x3";10;"2012-09-05";810;53;15;NA;21,68;21,7497260739311
4;51;"2007-05-01";"3x3";10;"2012-09-05";810;54;14;NA;21,68;21,3082859299172
4;51;"2007-05-01";"3x3";10;"2012-09-05";810;55;15,5;21;21,68;21
4;51;"2007-05-01";"3x3";10;"2012-09-05";810;56;16;NA;21,68;22,1434817167955
4;51;"2007-05-01";"3x3";10;"2012-09-05";810;57;14,5;NA;21,68;21,5354867861525
4;51;"2007-05-01";"3x3";10;"2012-09-05";810;58;15;21,8;21,68;21,8
4;51;"2007-05-01";"3x3";10;"2012-09-05";810;59;14;NA;21,68;21,3082859299172
4;51;"2007-05-01";"3x3";10;"2012-09-05";810;60;11;NA;21,68;19,5937626154351
4;51;"2007-05-01";"3x3";10;"2012-09-05";810;61;13;NA;21,68;20,8100535420129
4;51;"2007-05-01";"3x3";10;"2012-09-05";810;62;13,5;NA;21,68;21,0669245756816
4;51;"2007-05-01";"3x3";10;"2012-09-05";810;63;12;NA;21,68;20,2434871508835
4;51;"2007-05-01";"3x3";10;"2012-09-05";810;64;15;NA;21,68;21,7497260739311
4;51;"2007-05-01";"3x3";10;"2012-09-05";810;65;15;NA;21,68;21,7497260739311
4;51;"2007-05-01";"3x3";10;"2012-09-05";810;66;15,5;NA;21,68;21,9520725365739
4;51;"2007-05-01";"3x3";10;"2012-09-05";810;67;14,5;NA;21,68;21,5354867861525
4;51;"2007-05-01";"3x3";10;"2012-09-05";810;68;15;NA;21,68;21,7497260739311
4;51;"2007-05-01";"3x3";10;"2012-09-05";810;69;9,5;NA;21,68;18,4193452288378
4;51;"2007-05-01";"3x3";10;"2012-09-05";810;70;14,5;NA;21,68;21,5354867861525
4;51;"2007-05-01";"3x3";10;"2012-09-05";810;71;14,5;NA;21,68;21,5354867861525
4;51;"2007-05-01";"3x3";10;"2012-09-05";810;72;12;NA;21,68;20,2434871508835
4;51;"2007-05-01";"3x3";10;"2012-09-05";810;73;14;NA;21,68;21,3082859299172
4;51;"2007-05-01";"3x3";10;"2012-09-05";810;74;15;NA;21,68;21,7497260739311
4;51;"2007-05-01";"3x3";10;"2012-09-05";810;75;14;NA;21,68;21,3082859299172
4;51;"2007-05-01";"3x3";10;"2012-09-05";810;76;15;22,1;21,68;22,1
4;51;"2007-05-01";"3x3";10;"2012-09-05";810;77;14;NA;21,68;21,3082859299172
4;51;"2007-05-01";"3x3";10;"2012-09-05";810;78;14;NA;21,68;21,3082859299172
4;51;"2007-05-01";"3x3";10;"2012-09-05";810;79;14;NA;21,68;21,3082859299172
4;51;"2007-05-01";"3x3";10;"2012-09-05";810;80;13;NA;21,68;20,8100535420129
4;51;"2007-05-01";"3x3";10;"2012-09-05";810;81;14;NA;21,68;21,3082859299172
4;51;"2007-05-01";"3x3";10;"2012-09-05";810;82;15;NA;21,68;21,7497260739311
4;51;"2007-05-01";"3x3";10;"2012-09-05";810;83;14;NA;21,68;21,3082859299172
4;51;"2007-05-01";"3x3";10;"2012-09-05";810;84;14;NA;21,68;21,3082859299172
4;51;"2007-05-01";"3x3";10;"2012-09-05";810;85;14;NA;21,68;21,3082859299172
4;51;"2007-05-01";"3x3";10;"2012-09-05";810;86;15;NA;21,68;21,7497260739311
4;51;"2007-05-01";"3x3";10;"2012-09-05";810;87;14,5;NA;21,68;21,5354867861525
4;51;"2007-05-01";"3x3";10;"2012-09-05";810;88;13;NA;21,68;20,8100535420129
4;51;"2007-05-01";"3x3";10;"2012-09-05";810;89;15;NA;21,68;21,7497260739311
4;51;"2007-05-01";"3x3";10;"2012-09-05";810;90;13;NA;21,68;20,8100535420129
4;51;"2007-05-01";"3x3";11;"2012-09-05";810;1;13,5;21,3;22,5;21,3
4;51;"2007-05-01";"3x3";11;"2012-09-05";810;2;14;22,1;22,5;22,1
4;51;"2007-05-01";"3x3";11;"2012-09-05";810;3;13;20,9;22,5;20,9
4;51;"2007-05-01";"3x3";11;"2012-09-05";810;4;14;21,7;22,5;21,7
4;51;"2007-05-01";"3x3";11;"2012-09-05";810;5;14;22;22,5;22
4;51;"2007-05-01";"3x3";11;"2012-09-05";810;6;14;20;22,5;20
4;51;"2007-05-01";"3x3";11;"2012-09-05";810;7;13;20,2;22,5;20,2
4;51;"2007-05-01";"3x3";11;"2012-09-05";810;8;13;20,2;22,5;20,2
4;51;"2007-05-01";"3x3";11;"2012-09-05";810;9;13;21;22,5;21
4;51;"2007-05-01";"3x3";11;"2012-09-05";810;10;14;21,4;22,5;21,4
4;51;"2007-05-01";"3x3";11;"2012-09-05";810;11;15;22,3;22,5;22,3
4;51;"2007-05-01";"3x3";11;"2012-09-05";810;12;14;21,8;22,5;21,8
4;51;"2007-05-01";"3x3";11;"2012-09-05";810;13;15;22,3;22,5;22,3
4;51;"2007-05-01";"3x3";11;"2012-09-05";810;14;14,5;22;22,5;22
4;51;"2007-05-01";"3x3";11;"2012-09-05";810;15;14;21,2;22,5;21,2
4;51;"2007-05-01";"3x3";11;"2012-09-05";810;16;15;NA;22,5;22,4657847455633
4;51;"2007-05-01";"3x3";11;"2012-09-05";810;17;14,5;NA;22,5;22,2444921321797
4;51;"2007-05-01";"3x3";11;"2012-09-05";810;18;13,5;NA;22,5;21,7605036109191
4;51;"2007-05-01";"3x3";11;"2012-09-05";810;19;14,5;NA;22,5;22,2444921321797
4;51;"2007-05-01";"3x3";11;"2012-09-05";810;20;14;NA;22,5;22,0098112211264
4;51;"2007-05-01";"3x3";11;"2012-09-05";810;21;13;NA;22,5;21,4951757014937
4;51;"2007-05-01";"3x3";11;"2012-09-05";810;22;13,5;NA;22,5;21,7605036109191
4;51;"2007-05-01";"3x3";11;"2012-09-05";810;23;14,5;NA;22,5;22,2444921321797
4;51;"2007-05-01";"3x3";11;"2012-09-05";810;24;13;NA;22,5;21,4951757014937
4;51;"2007-05-01";"3x3";11;"2012-09-05";810;25;14;21,9;22,5;21,9
4;51;"2007-05-01";"3x3";11;"2012-09-05";810;26;14;NA;22,5;22,0098112211264
4;51;"2007-05-01";"3x3";11;"2012-09-05";810;27;12;NA;22,5;20,9099564419998
4;51;"2007-05-01";"3x3";11;"2012-09-05";810;28;14;NA;22,5;22,0098112211264
4;51;"2007-05-01";"3x3";11;"2012-09-05";810;29;14,5;NA;22,5;22,2444921321797
4;51;"2007-05-01";"3x3";11;"2012-09-05";810;30;14,5;22,1;22,5;22,1
4;51;"2007-05-01";"3x3";11;"2012-09-05";810;31;11,5;NA;22,5;20,586256269021
4;51;"2007-05-01";"3x3";11;"2012-09-05";810;32;15;NA;22,5;22,4657847455633
4;51;"2007-05-01";"3x3";11;"2012-09-05";810;33;12,5;NA;22,5;21,2122541159268
4;51;"2007-05-01";"3x3";11;"2012-09-05";810;34;13;NA;22,5;21,4951757014937
4;51;"2007-05-01";"3x3";11;"2012-09-05";810;35;14;NA;22,5;22,0098112211264
4;51;"2007-05-01";"3x3";11;"2012-09-05";810;36;15,5;NA;22,5;22,6747929904629
4;51;"2007-05-01";"3x3";11;"2012-09-05";810;37;13,5;NA;22,5;21,7605036109191
4;51;"2007-05-01";"3x3";11;"2012-09-05";810;38;15;NA;22,5;22,4657847455633
4;51;"2007-05-01";"3x3";11;"2012-09-05";810;39;NA;NA;22,5;NA
4;51;"2007-05-01";"3x3";11;"2012-09-05";810;40;14;22,5;22,5;22,5
4;51;"2007-05-01";"3x3";11;"2012-09-05";810;41;13;NA;22,5;21,4951757014937
4;51;"2007-05-01";"3x3";11;"2012-09-05";810;42;12;NA;22,5;20,9099564419998
4;51;"2007-05-01";"3x3";11;"2012-09-05";810;43;14;NA;22,5;22,0098112211264
4;51;"2007-05-01";"3x3";11;"2012-09-05";810;44;15;NA;22,5;22,4657847455633
4;51;"2007-05-01";"3x3";11;"2012-09-05";810;45;15;NA;22,5;22,4657847455633
4;51;"2007-05-01";"3x3";11;"2012-09-05";810;46;14;NA;22,5;22,0098112211264
4;51;"2007-05-01";"3x3";11;"2012-09-05";810;47;13;NA;22,5;21,4951757014937
4;51;"2007-05-01";"3x3";11;"2012-09-05";810;48;13,5;NA;22,5;21,7605036109191
4;51;"2007-05-01";"3x3";11;"2012-09-05";810;49;14;NA;22,5;22,0098112211264
4;51;"2007-05-01";"3x3";11;"2012-09-05";810;50;14;NA;22,5;22,0098112211264
4;51;"2007-05-01";"3x3";11;"2012-09-05";810;51;12,5;NA;22,5;21,2122541159268
4;51;"2007-05-01";"3x3";11;"2012-09-05";810;52;15;NA;22,5;22,4657847455633
4;51;"2007-05-01";"3x3";11;"2012-09-05";810;53;12,5;NA;22,5;21,2122541159268
4;51;"2007-05-01";"3x3";11;"2012-09-05";810;54;15;NA;22,5;22,4657847455633
4;51;"2007-05-01";"3x3";11;"2012-09-05";810;55;14;NA;22,5;22,0098112211264
4;51;"2007-05-01";"3x3";11;"2012-09-05";810;56;13;NA;22,5;21,4951757014937
4;51;"2007-05-01";"3x3";11;"2012-09-05";810;57;14;NA;22,5;22,0098112211264
4;51;"2007-05-01";"3x3";11;"2012-09-05";810;58;14;NA;22,5;22,0098112211264
4;51;"2007-05-01";"3x3";11;"2012-09-05";810;59;16;NA;22,5;22,8725038685938
4;51;"2007-05-01";"3x3";11;"2012-09-05";810;60;15;23,2;22,5;23,2
4;51;"2007-05-01";"3x3";11;"2012-09-05";810;61;13;NA;22,5;21,4951757014937
4;51;"2007-05-01";"3x3";11;"2012-09-05";810;62;14;NA;22,5;22,0098112211264
4;51;"2007-05-01";"3x3";11;"2012-09-05";810;63;14;NA;22,5;22,0098112211264
4;51;"2007-05-01";"3x3";11;"2012-09-05";810;64;16;NA;22,5;22,8725038685938
4;51;"2007-05-01";"3x3";11;"2012-09-05";810;65;14;NA;22,5;22,0098112211264
4;51;"2007-05-01";"3x3";11;"2012-09-05";810;66;12;NA;22,5;20,9099564419998
4;51;"2007-05-01";"3x3";11;"2012-09-05";810;67;14;NA;22,5;22,0098112211264
4;51;"2007-05-01";"3x3";11;"2012-09-05";810;68;12;NA;22,5;20,9099564419998
4;51;"2007-05-01";"3x3";11;"2012-09-05";810;69;15;NA;22,5;22,4657847455633
4;51;"2007-05-01";"3x3";11;"2012-09-05";810;70;15;NA;22,5;22,4657847455633
4;51;"2007-05-01";"3x3";11;"2012-09-05";810;71;15;NA;22,5;22,4657847455633
4;51;"2007-05-01";"3x3";11;"2012-09-05";810;72;14;NA;22,5;22,0098112211264
4;51;"2007-05-01";"3x3";11;"2012-09-05";810;73;14;NA;22,5;22,0098112211264
4;51;"2007-05-01";"3x3";11;"2012-09-05";810;74;13;NA;22,5;21,4951757014937
4;51;"2007-05-01";"3x3";11;"2012-09-05";810;75;13;NA;22,5;21,4951757014937
4;51;"2007-05-01";"3x3";11;"2012-09-05";810;76;14;NA;22,5;22,0098112211264
4;51;"2007-05-01";"3x3";11;"2012-09-05";810;77;16;22,8;22,5;22,8
4;51;"2007-05-01";"3x3";11;"2012-09-05";810;78;14;NA;22,5;22,0098112211264
4;51;"2007-05-01";"3x3";11;"2012-09-05";810;79;14;NA;22,5;22,0098112211264
4;51;"2007-05-01";"3x3";11;"2012-09-05";810;80;14;NA;22,5;22,0098112211264
4;51;"2007-05-01";"3x3";11;"2012-09-05";810;81;11;NA;22,5;20,2388412515059
4;51;"2007-05-01";"3x3";11;"2012-09-05";810;82;13;NA;22,5;21,4951757014937
4;51;"2007-05-01";"3x3";11;"2012-09-05";810;83;13;NA;22,5;21,4951757014937
4;51;"2007-05-01";"3x3";11;"2012-09-05";810;84;13,5;NA;22,5;21,7605036109191
4;51;"2007-05-01";"3x3";11;"2012-09-05";810;85;13;NA;22,5;21,4951757014937
4;51;"2007-05-01";"3x3";11;"2012-09-05";810;86;14,5;NA;22,5;22,2444921321797
4;51;"2007-05-01";"3x3";11;"2012-09-05";810;87;14;NA;22,5;22,0098112211264
4;51;"2007-05-01";"3x3";11;"2012-09-05";810;88;14;NA;22,5;22,0098112211264
4;51;"2007-05-01";"3x3";11;"2012-09-05";810;89;14;NA;22,5;22,0098112211264
4;51;"2007-05-01";"3x3";11;"2012-09-05";810;90;15;NA;22,5;22,4657847455633
